"sdate","id","DI","EMA12","EMA26","MACD","DIF","OSC"
"20200116","1783",24.15,22.41,17.97,0.00,0.00,0.00
"20200117","1783",24.09,22.67,18.42,0.00,0.00,0.00
"20200120","1783",23.94,22.86,18.83,0.00,0.00,0.00
"20200130","1783",23.01,22.89,19.14,0.00,0.00,0.00
"20200131","1783",23.04,22.91,19.43,0.00,0.00,0.00
"20200203","1783",22.78,22.89,19.68,0.00,0.00,0.00
"20200204","1783",22.95,22.90,19.92,0.00,0.00,0.00
"20200205","1783",23.43,22.98,20.18,0.00,0.00,0.00
"20200206","1783",23.66,23.08,20.44,0.00,0.00,0.00
"20200207","1783",23.36,23.13,20.65,0.00,0.00,0.00
"20200210","1783",22.94,23.10,20.82,0.00,0.00,0.00
"20200211","1783",22.88,23.06,20.97,0.00,0.00,0.00
"20200212","1783",22.95,23.05,21.12,0.00,0.00,0.00
"20200213","1783",22.73,23.00,21.24,0.00,0.00,0.00
"20200214","1783",22.85,22.97,22.83,0.00,0.15,0.00
"20200217","1783",23.06,22.99,22.84,0.00,0.14,0.00
"20200218","1783",22.95,22.98,22.85,0.00,0.13,0.00
"20200219","1783",23.14,23.01,22.87,0.00,0.13,0.00
"20200220","1783",23.16,23.03,22.89,0.00,0.14,0.00
"20200221","1783",23.14,23.05,22.91,0.00,0.13,0.00
"20200224","1783",23.36,23.10,22.95,0.00,0.15,0.00
"20200225","1783",23.13,23.10,22.96,0.00,0.14,0.00
"20200226","1783",22.99,23.08,22.96,182.15,0.12,-182.02
"20200227","1783",22.76,23.03,22.95,145.73,0.09,-145.65
"20200302","1783",22.19,22.90,22.89,116.59,0.01,-116.58
"20200303","1783",22.31,22.81,22.85,93.26,-0.04,-93.30
"20200304","1783",22.16,22.71,22.80,74.59,-0.08,-74.68
"20200305","1783",22.33,22.65,22.76,59.65,-0.11,-59.76
"20200306","1783",22.74,22.67,22.76,47.70,-0.09,-47.80
"20200309","1783",22.86,22.70,22.77,38.15,-0.07,-38.22
"20200310","1783",22.29,22.63,22.73,30.50,-0.10,-30.60
"20200311","1783",22.16,22.56,22.69,24.37,-0.13,-24.50
"20200312","1783",20.41,22.23,22.52,19.44,-0.29,-19.73
"20200313","1783",17.96,21.57,22.18,15.43,-0.61,-16.04
"20200316","1783",17.50,20.95,21.84,12.17,-0.89,-13.06
"20200317","1783",15.63,20.13,21.38,9.48,-1.25,-10.73
"20200318","1783",14.55,19.27,20.87,7.27,-1.60,-8.87
"20200319","1783",12.95,18.30,20.28,5.42,-1.99,-7.40
"20200320","1783",13.24,17.52,19.76,3.88,-2.24,-6.13
"20200323","1783",12.99,16.82,19.26,2.62,-2.44,-5.06
"20200324","1783",13.45,16.30,18.83,1.59,-2.53,-4.12
"20200325","1783",14.49,16.02,18.51,0.78,-2.48,-3.26
"20200326","1783",15.23,15.90,18.27,0.15,-2.36,-2.51
"20200327","1783",15.66,15.86,18.07,-0.32,-2.21,-1.88
"20200330","1783",15.93,15.87,17.91,-0.67,-2.04,-1.37
"20200331","1783",16.21,15.93,17.79,-0.91,-1.86,-0.96
"20200401","1783",16.28,15.98,17.68,-1.06,-1.70,-0.63
"20200406","1783",16.95,16.13,17.62,-1.15,-1.49,-0.34
"20200407","1783",17.56,16.35,17.62,-1.17,-1.27,-0.09
"20200408","1783",18.53,16.68,17.68,-1.14,-1.00,0.14
"20200409","1783",18.68,16.99,17.76,-1.06,-0.77,0.30
"20200410","1783",19.46,17.37,17.88,-0.95,-0.51,0.44
"20200413","1783",19.91,17.76,18.03,-0.82,-0.27,0.55
"20200414","1783",21.43,18.33,18.29,-0.65,0.04,0.69
"20200415","1783",21.69,18.84,18.54,-0.46,0.31,0.76
"20200416","1783",21.74,19.29,18.77,-0.26,0.51,0.78
"20200417","1783",21.78,19.67,19.00,-0.07,0.67,0.75
"20200420","1783",22.99,20.18,19.29,0.12,0.89,0.77
"20200421","1783",22.15,20.48,19.50,0.29,0.98,0.69
"20200422","1783",21.43,20.63,19.65,0.43,0.98,0.55
"20200423","1783",22.08,20.85,19.83,0.55,1.02,0.48
"20200424","1783",23.13,21.20,20.07,0.66,1.13,0.47
"20200427","1783",24.53,21.71,20.40,0.79,1.31,0.52
"20200428","1783",24.73,22.18,20.72,0.93,1.45,0.53
"20200429","1783",25.86,22.74,21.10,1.07,1.64,0.57
"20200430","1783",27.95,23.54,21.61,1.24,1.94,0.69
"20200504","1783",28.88,24.36,22.15,1.44,2.22,0.78
"20200505","1783",28.73,25.04,22.63,1.63,2.40,0.77
"20200506","1783",28.31,25.54,23.06,1.80,2.48,0.68
"20200507","1783",27.63,25.86,23.39,1.93,2.47,0.53
"20200508","1783",26.11,25.90,23.59,2.01,2.30,0.30
"20200511","1783",25.60,25.85,23.74,2.03,2.11,0.08
"20200512","1783",25.51,25.80,23.87,2.01,1.93,-0.08
"20200513","1783",26.30,25.88,24.05,1.97,1.82,-0.15
"20200514","1783",25.53,25.82,24.16,1.91,1.66,-0.25
"20200515","1783",25.09,25.71,24.23,1.82,1.48,-0.34
"20200518","1783",26.89,25.89,24.43,1.75,1.46,-0.29
"20200519","1783",27.90,26.20,24.69,1.70,1.51,-0.19
"20200520","1783",27.40,26.38,24.89,1.66,1.50,-0.16
"20200521","1783",26.75,26.44,25.02,1.61,1.42,-0.20
"20200522","1783",27.03,26.53,25.17,1.56,1.36,-0.20
"20200525","1783",28.39,26.82,25.41,1.53,1.41,-0.13
"20200526","1783",27.70,26.95,25.58,1.50,1.37,-0.13
"20200527","1783",26.55,26.89,25.65,1.45,1.24,-0.21
"20200528","1783",25.93,26.74,25.67,1.37,1.07,-0.30
"20200529","1783",26.09,26.64,25.70,1.28,0.94,-0.35
"20200601","1783",26.08,26.55,25.73,1.19,0.82,-0.37
"20200602","1783",25.85,26.45,25.74,1.10,0.71,-0.39
"20200603","1783",26.16,26.40,25.77,1.00,0.63,-0.37
"20200604","1783",28.65,26.75,25.98,0.95,0.76,-0.19
"20200605","1783",29.70,27.20,26.26,0.95,0.94,-0.01
"20200608","1783",28.16,27.35,26.40,0.95,0.95,0.00
"20200609","1783",28.13,27.47,26.53,0.95,0.94,-0.01
"20200610","1783",28.83,27.68,26.70,0.96,0.98,0.02
"20200611","1783",27.58,27.66,26.76,0.94,0.90,-0.05
"20200612","1783",27.26,27.60,26.80,0.92,0.80,-0.12
"20200615","1783",28.90,27.80,26.96,0.90,0.84,-0.06
"20200616","1783",29.31,28.03,27.13,0.90,0.90,0.00
"20200617","1783",31.26,28.53,27.44,0.94,1.09,0.15
"20200618","1783",34.43,29.44,27.95,1.05,1.48,0.43
"20200619","1783",32.25,29.87,28.27,1.16,1.60,0.44
"20200622","1783",31.24,30.08,28.49,1.24,1.59,0.34
"20200623","1783",30.96,30.22,28.67,1.30,1.54,0.24
"20200624","1783",29.79,30.15,28.76,1.32,1.39,0.07
"20200629","1783",30.00,30.13,28.85,1.31,1.28,-0.04
"20200630","1783",29.50,30.03,28.90,1.28,1.13,-0.14
"20200701","1783",29.68,29.98,28.96,1.23,1.02,-0.20
"20200702","1783",30.04,29.99,29.04,1.17,0.95,-0.22
"20200703","1783",29.74,29.95,29.09,1.11,0.86,-0.25
"20200706","1783",29.13,29.82,29.09,1.03,0.73,-0.30
"20200707","1783",28.34,29.59,29.03,0.94,0.56,-0.38
"20200708","1783",29.60,29.59,29.08,0.85,0.52,-0.34
"20200709","1783",30.29,29.70,29.17,0.79,0.53,-0.26
"20200710","1783",29.54,29.68,29.19,0.73,0.48,-0.25
"20200713","1783",28.84,29.55,29.17,0.66,0.38,-0.28
"20200714","1783",28.48,29.38,29.12,0.58,0.27,-0.31
"20200715","1783",27.95,29.16,29.03,0.49,0.13,-0.36
"20200716","1783",28.13,29.00,28.96,0.40,0.04,-0.36
"20200717","1783",26.99,28.69,28.82,0.30,-0.12,-0.42
"20200720","1783",26.84,28.41,28.67,0.18,-0.26,-0.45
"20200721","1783",27.35,28.24,28.57,0.08,-0.33,-0.41
"20200722","1783",27.68,28.16,28.51,0.00,-0.35,-0.34
"20200723","1783",27.50,28.06,28.43,-0.08,-0.38,-0.30
"20200724","1783",26.85,27.87,28.31,-0.15,-0.44,-0.29
"20200727","1783",25.81,27.55,28.13,-0.24,-0.58,-0.34
"20200728","1783",25.38,27.22,27.92,-0.33,-0.71,-0.38
"20200729","1783",26.19,27.06,27.80,-0.41,-0.74,-0.32
"20200730","1783",26.65,27.00,27.71,-0.47,-0.71,-0.24
"20200731","1783",27.19,27.03,27.67,-0.51,-0.65,-0.14
"20200803","1783",27.63,27.12,27.67,-0.52,-0.55,-0.03
"20200804","1783",27.56,27.19,27.66,-0.51,-0.47,0.03
"20200805","1783",27.65,27.26,27.66,-0.49,-0.40,0.08
"20200806","1783",27.11,27.24,27.62,-0.47,-0.38,0.08
"20200807","1783",26.94,27.19,27.57,-0.45,-0.38,0.07
"20200810","1783",26.26,27.05,27.47,-0.44,-0.43,0.02
"20200811","1783",25.79,26.85,27.35,-0.45,-0.49,-0.04
"20200812","1783",25.84,26.70,27.24,-0.47,-0.54,-0.07
"20200813","1783",25.68,26.54,27.12,-0.49,-0.58,-0.09
"20200814","1783",25.76,26.42,27.02,-0.51,-0.60,-0.09
"20200817","1783",25.89,26.34,26.94,-0.53,-0.60,-0.07
"20200818","1783",26.08,26.30,26.87,-0.54,-0.57,-0.03
"20200819","1783",25.71,26.21,26.79,-0.55,-0.58,-0.03
"20200820","1783",23.71,25.82,26.56,-0.58,-0.73,-0.15
"20200821","1783",23.91,25.53,26.36,-0.63,-0.83,-0.20
"20200824","1783",24.19,25.32,26.20,-0.68,-0.88,-0.19
"20200825","1783",24.10,25.14,26.05,-0.73,-0.91,-0.18
"20200826","1783",24.34,25.01,25.92,-0.76,-0.91,-0.14
"20200827","1783",24.25,24.90,25.80,-0.79,-0.90,-0.11
"20200828","1783",24.59,24.85,25.71,-0.80,-0.86,-0.05
"20200831","1783",24.45,24.79,25.61,-0.81,-0.83,-0.02
"20200901","1783",24.04,24.67,25.50,-0.81,-0.82,-0.01
"20200902","1783",24.11,24.59,25.39,-0.81,-0.81,0.00
"20200903","1783",24.28,24.54,25.31,-0.80,-0.77,0.03
"20200904","1783",24.08,24.47,25.22,-0.79,-0.75,0.04
"20200907","1783",24.00,24.39,25.13,-0.78,-0.73,0.05
"20200908","1783",24.70,24.44,25.10,-0.76,-0.66,0.10
"20200909","1783",24.54,24.46,25.06,-0.73,-0.60,0.13
"20200910","1783",24.51,24.47,25.02,-0.69,-0.55,0.14
"20200911","1783",23.91,24.38,24.93,-0.66,-0.55,0.11
"20200914","1783",23.98,24.32,24.86,-0.64,-0.55,0.09
"20200915","1783",24.11,24.29,24.81,-0.62,-0.52,0.09
"20200916","1783",24.08,24.25,24.75,-0.59,-0.50,0.09
"20200917","1783",23.99,24.21,24.70,-0.57,-0.48,0.09
"20200918","1783",24.19,24.21,24.66,-0.55,-0.45,0.10
"20200921","1783",24.15,24.20,24.62,-0.52,-0.42,0.10
"20200922","1783",23.98,24.17,24.57,-0.50,-0.41,0.09
"20200923","1783",23.84,24.11,24.52,-0.48,-0.40,0.08
"20200924","1783",23.20,23.97,24.42,-0.47,-0.45,0.03
"20200925","1783",22.49,23.75,24.28,-0.48,-0.53,-0.05
"20200928","1783",22.64,23.57,24.16,-0.50,-0.58,-0.08
"20200929","1783",22.60,23.42,24.04,-0.53,-0.62,-0.09
"20200930","1783",23.03,23.36,23.97,-0.54,-0.60,-0.06
"20201005","1783",23.35,23.36,23.92,-0.55,-0.56,-0.01
"20201006","1783",23.44,23.37,23.88,-0.54,-0.51,0.03
"20201007","1783",23.39,23.38,23.85,-0.53,-0.47,0.05
"20201008","1783",23.24,23.35,23.80,-0.51,-0.45,0.06
"20201012","1783",23.18,23.33,23.76,-0.49,-0.43,0.06
"20201013","1783",22.90,23.26,23.69,-0.48,-0.43,0.05
"20201014","1783",23.16,23.25,23.65,-0.47,-0.41,0.06
"20201015","1783",22.90,23.19,23.60,-0.45,-0.40,0.05
"20201016","1783",23.04,23.17,23.56,-0.44,-0.39,0.05
"20201019","1783",23.03,23.15,23.52,-0.43,-0.37,0.06
"20201020","1783",22.95,23.12,23.47,-0.41,-0.36,0.05
"20201021","1783",22.99,23.10,23.44,-0.40,-0.34,0.06
"20201022","1783",22.91,23.07,23.40,-0.39,-0.33,0.05
"20201023","1783",22.85,23.03,23.36,-0.37,-0.32,0.05
"20201026","1783",22.74,22.99,23.31,-0.36,-0.32,0.04
"20201027","1783",22.58,22.93,23.26,-0.36,-0.33,0.02
"20201028","1783",22.49,22.86,23.20,-0.35,-0.34,0.01
"20201029","1783",22.43,22.79,23.14,-0.35,-0.35,0.00
"20201030","1783",22.23,22.70,23.08,-0.36,-0.37,-0.01
"20201102","1783",22.25,22.63,23.01,-0.36,-0.38,-0.02
"20201103","1783",22.38,22.59,22.97,-0.36,-0.37,-0.01
"20201104","1783",22.34,22.55,22.92,-0.36,-0.37,0.00
"20201105","1783",22.51,22.55,22.89,-0.36,-0.34,0.02
"20201106","1783",22.30,22.51,22.85,-0.36,-0.34,0.02
"20201109","1783",22.48,22.50,22.82,-0.35,-0.31,0.03
"20201110","1783",22.18,22.45,22.77,-0.34,-0.32,0.02
"20201111","1783",22.41,22.45,22.74,-0.33,-0.30,0.04
"20201112","1783",22.34,22.43,22.71,-0.32,-0.28,0.04
"20201113","1783",22.64,22.46,22.71,-0.31,-0.25,0.06
"20201116","1783",23.11,22.56,22.74,-0.28,-0.18,0.10
"20201117","1783",23.08,22.64,22.76,-0.25,-0.12,0.13
"20201118","1783",23.18,22.72,22.79,-0.21,-0.07,0.14
"20201119","1783",23.28,22.81,22.83,-0.18,-0.02,0.15
"20201120","1783",23.46,22.91,22.88,-0.13,0.03,0.17
"20201123","1783",23.64,23.02,22.93,-0.09,0.09,0.18
"20201124","1783",23.49,23.09,22.97,-0.05,0.12,0.17
"20201125","1783",23.50,23.16,23.01,-0.01,0.14,0.15
"20201126","1783",23.51,23.21,23.05,0.02,0.16,0.14
"20201127","1783",23.58,23.27,23.09,0.05,0.18,0.12
"20201130","1783",23.53,23.31,23.12,0.08,0.19,0.10
"20201201","1783",23.38,23.32,23.14,0.10,0.18,0.08
"20201202","1783",23.31,23.32,23.15,0.11,0.16,0.05
"20201203","1783",23.36,23.32,23.17,0.12,0.15,0.03
"20201204","1783",23.25,23.31,23.17,0.12,0.14,0.01
"20201207","1783",22.89,23.25,23.15,0.12,0.09,-0.02
"20201208","1783",22.80,23.18,23.13,0.10,0.05,-0.05
"20201209","1783",22.61,23.09,23.09,0.08,0.00,-0.08
"20201210","1783",22.53,23.00,23.05,0.06,-0.04,-0.10
"20201211","1783",22.58,22.94,23.01,0.03,-0.07,-0.11
"20201214","1783",22.49,22.87,22.97,0.00,-0.10,-0.11
"20201215","1783",22.48,22.81,22.94,-0.02,-0.13,-0.11
"20201216","1783",22.65,22.78,22.92,-0.04,-0.13,-0.09
"20201217","1783",22.85,22.79,22.91,-0.06,-0.12,-0.06
"20201218","1783",22.86,22.80,22.91,-0.07,-0.10,-0.04
"20201221","1783",22.93,22.82,22.91,-0.07,-0.09,-0.01
"20201222","1783",22.99,22.85,22.91,-0.07,-0.07,0.00
"20201223","1783",23.01,22.87,22.92,-0.07,-0.05,0.02
"20201224","1783",22.74,22.85,22.91,-0.06,-0.06,0.01
"20201225","1783",22.64,22.82,22.89,-0.06,-0.07,0.00
"20201228","1783",22.61,22.79,22.87,-0.07,-0.08,-0.01
"20201229","1783",22.68,22.77,22.85,-0.07,-0.08,-0.01
"20201230","1783",22.71,22.76,22.84,-0.07,-0.08,-0.01
"20201231","1783",22.88,22.78,22.85,-0.07,-0.07,0.01
"20210104","1783",22.99,22.81,22.86,-0.07,-0.04,0.02
"20210105","1783",22.93,22.83,22.86,-0.06,-0.03,0.03
"20210106","1783",22.61,22.80,22.84,-0.06,-0.05,0.01
"20210107","1783",22.90,22.81,22.85,-0.05,-0.04,0.02
"20210108","1783",23.01,22.84,22.86,-0.05,-0.02,0.03
"20210111","1783",23.51,22.95,22.91,-0.03,0.04,0.07
"20210112","1783",23.20,22.98,22.93,-0.01,0.06,0.07
"20210113","1783",23.38,23.04,22.96,0.01,0.08,0.08
"20210114","1783",23.24,23.07,22.98,0.02,0.09,0.07
"20210115","1783",22.81,23.03,22.97,0.03,0.06,0.03
"20210118","1783",22.44,22.94,22.93,0.03,0.01,-0.02
"20210119","1783",22.53,22.88,22.90,0.02,-0.02,-0.04
"20210120","1783",22.44,22.81,22.87,0.00,-0.06,-0.06
"20210121","1783",22.35,22.74,22.83,-0.02,-0.09,-0.07
"20210122","1783",22.49,22.70,22.80,-0.03,-0.10,-0.07
"20210125","1783",22.61,22.69,22.79,-0.05,-0.10,-0.06
"20210126","1783",22.55,22.67,22.77,-0.06,-0.10,-0.05
"20210127","1783",22.68,22.67,22.76,-0.07,-0.10,-0.03
"20210128","1783",22.54,22.65,22.75,-0.07,-0.10,-0.03
"20210129","1783",22.73,22.66,22.75,-0.08,-0.09,-0.01
"20210201","1783",22.69,22.66,22.74,-0.08,-0.08,0.00
"20210202","1783",22.74,22.68,22.74,-0.07,-0.07,0.01
"20210203","1783",22.76,22.69,22.74,-0.07,-0.05,0.02
"20210204","1783",22.71,22.69,22.74,-0.07,-0.05,0.02
"20210205","1783",22.96,22.73,22.76,-0.06,-0.02,0.03
"20210217","1783",22.86,22.75,22.76,-0.05,-0.01,0.04
"20210218","1783",23.41,22.85,22.81,-0.03,0.04,0.07
"20210219","1783",23.98,23.03,22.90,0.00,0.13,0.13
"20210222","1783",24.73,23.29,23.03,0.05,0.25,0.20
"20210223","1783",24.44,23.47,23.14,0.11,0.33,0.22
"20210224","1783",23.91,23.53,23.20,0.15,0.34,0.19
"20210225","1783",23.88,23.59,23.25,0.19,0.34,0.15
"20210226","1783",23.78,23.62,23.28,0.22,0.33,0.11
"20210302","1783",23.54,23.60,23.30,0.24,0.30,0.06
"20210303","1783",23.29,23.55,23.30,0.24,0.25,0.01
"20210304","1783",23.53,23.55,23.32,0.24,0.23,-0.01
"20210305","1783",24.09,23.63,23.38,0.24,0.26,0.02
"20210308","1783",24.88,23.82,23.49,0.26,0.34,0.08
"20210309","1783",27.50,24.39,23.78,0.33,0.61,0.28
"20210310","1783",28.44,25.01,24.13,0.44,0.88,0.44
"20210311","1783",28.48,25.55,24.45,0.57,1.09,0.52
"20210312","1783",28.56,26.01,24.76,0.71,1.25,0.55
"20210315","1783",28.54,26.40,25.04,0.84,1.36,0.52
"20210316","1783",28.53,26.73,25.29,0.96,1.43,0.47
"20210317","1783",28.58,27.01,25.54,1.06,1.47,0.41
"20210318","1783",28.95,27.31,25.79,1.15,1.52,0.37
"20210319","1783",28.88,27.55,26.02,1.23,1.53,0.30
"20210322","1783",28.80,27.74,26.22,1.29,1.52,0.23
"20210323","1783",30.96,28.24,26.58,1.36,1.66,0.30
"20210324","1783",33.84,29.10,27.11,1.49,1.99,0.50
"20210325","1783",31.95,29.54,27.47,1.60,2.07,0.46
"20210326","1783",30.96,29.76,27.73,1.69,2.03,0.34
"20210329","1783",30.98,29.94,27.97,1.74,1.97,0.23
"20210330","1783",31.10,30.12,28.20,1.78,1.92,0.14
"20210331","1783",31.60,30.35,28.45,1.80,1.90,0.09
"20210401","1783",32.34,30.66,28.74,1.82,1.91,0.09
"20210406","1783",32.59,30.95,29.03,1.84,1.93,0.08
"20210407","1783",32.96,31.26,29.32,1.86,1.94,0.08
"20210408","1783",32.80,31.50,29.58,1.88,1.92,0.05
"20210409","1783",32.16,31.60,29.77,1.87,1.83,-0.03
"20210412","1783",32.59,31.75,29.98,1.85,1.78,-0.07
"20210413","1783",32.90,31.93,30.19,1.83,1.74,-0.09
"20210414","1783",32.13,31.96,30.34,1.79,1.62,-0.16
"20210415","1783",33.18,32.15,30.55,1.75,1.60,-0.15
"20210416","1783",33.44,32.34,30.76,1.72,1.58,-0.13
"20210419","1783",36.04,32.91,31.15,1.72,1.76,0.04
"20210420","1783",36.64,33.49,31.56,1.77,1.93,0.16
"20210421","1783",35.29,33.76,31.83,1.80,1.93,0.13
"20210422","1783",33.40,33.71,31.95,1.79,1.76,-0.03
"20210423","1783",33.13,33.62,32.04,1.75,1.58,-0.17
"20210426","1783",32.86,33.50,32.10,1.68,1.40,-0.28
"20210427","1783",33.99,33.58,32.24,1.61,1.34,-0.27
"20210428","1783",33.46,33.56,32.33,1.53,1.23,-0.30
"20210429","1783",33.16,33.50,32.39,1.45,1.11,-0.34
"20210503","1783",32.83,33.39,32.42,1.35,0.97,-0.38
"20210504","1783",31.24,33.06,32.34,1.23,0.73,-0.50
"20210505","1783",31.65,32.85,32.28,1.09,0.56,-0.53
"20210506","1783",32.08,32.73,32.27,0.97,0.46,-0.51
"20210507","1783",31.99,32.61,32.25,0.85,0.37,-0.48
"20210510","1783",32.21,32.55,32.25,0.74,0.31,-0.43
"20210511","1783",32.01,32.47,32.23,0.64,0.24,-0.40
"20210512","1783",33.45,32.62,32.32,0.57,0.30,-0.27
"20210513","1783",33.11,32.70,32.38,0.52,0.32,-0.20
"20210514","1783",31.04,32.44,32.28,0.45,0.16,-0.29
"20210517","1783",33.09,32.54,32.34,0.40,0.20,-0.20
"20210518","1783",32.15,32.48,32.32,0.35,0.16,-0.20
"20210519","1783",31.18,32.28,32.24,0.29,0.04,-0.25
"20210520","1783",32.23,32.27,32.24,0.24,0.03,-0.20
"20210521","1783",33.29,32.43,32.32,0.21,0.11,-0.10
"20210524","1783",35.34,32.87,32.54,0.24,0.34,0.10
"20210525","1783",35.13,33.22,32.73,0.29,0.49,0.20
"20210526","1783",36.71,33.76,33.03,0.38,0.73,0.36
"20210527","1783",35.98,34.10,33.24,0.47,0.85,0.38
"20210528","1783",35.10,34.25,33.38,0.55,0.87,0.32
"20210531","1783",35.94,34.51,33.57,0.63,0.94,0.31
"20210601","1783",36.10,34.76,33.76,0.70,1.00,0.29
"20210602","1783",36.19,34.98,33.94,0.77,1.04,0.27
"20210603","1783",36.69,35.24,34.14,0.84,1.10,0.26
"20210604","1783",36.78,35.48,34.34,0.90,1.14,0.24
"20210607","1783",35.45,35.47,34.42,0.93,1.05,0.12
"20210608","1783",35.08,35.41,34.47,0.93,0.94,0.01
"20210609","1783",34.94,35.34,34.50,0.91,0.84,-0.08
"20210610","1783",35.40,35.35,34.57,0.89,0.78,-0.11
"20210611","1783",35.24,35.33,34.62,0.85,0.71,-0.14
"20210615","1783",35.00,35.28,34.65,0.81,0.63,-0.17
"20210616","1783",34.63,35.18,34.65,0.75,0.53,-0.22
"20210617","1783",34.41,35.06,34.63,0.69,0.43,-0.26
"20210618","1783",35.01,35.05,34.66,0.63,0.40,-0.23
"20210621","1783",35.18,35.07,34.70,0.58,0.38,-0.20
"20210622","1783",34.38,34.97,34.67,0.52,0.29,-0.23
"20210623","1783",34.74,34.93,34.68,0.47,0.25,-0.21
"20210624","1783",35.51,35.02,34.74,0.43,0.28,-0.15
"20210625","1783",35.73,35.13,34.81,0.41,0.32,-0.09
"20210628","1783",35.58,35.20,34.87,0.39,0.33,-0.06
"20210629","1783",35.74,35.28,34.93,0.38,0.35,-0.04
"20210630","1783",37.20,35.58,35.10,0.40,0.48,0.07
"20210701","1783",35.95,35.63,35.16,0.42,0.47,0.05
"20210702","1783",35.65,35.64,35.20,0.42,0.44,0.02
"20210705","1783",35.91,35.68,35.25,0.42,0.43,0.01
"20210706","1783",35.66,35.68,35.28,0.42,0.39,-0.02
"20210707","1783",36.01,35.73,35.34,0.41,0.39,-0.02
"20210708","1783",36.69,35.88,35.44,0.42,0.44,0.02
"20210709","1783",37.54,36.13,35.59,0.44,0.54,0.10
"20210712","1783",37.43,36.33,35.73,0.47,0.60,0.13
"20210713","1783",37.84,36.56,35.88,0.51,0.68,0.16
"20210714","1783",39.99,37.09,36.19,0.59,0.90,0.31
"20210715","1783",39.66,37.48,36.45,0.68,1.04,0.36
"20210716","1783",39.81,37.84,36.69,0.77,1.15,0.37
"20210719","1783",40.36,38.23,36.97,0.87,1.26,0.39
"20210720","1783",43.46,39.04,37.45,1.02,1.59,0.57
"20210721","1783",41.73,39.45,37.76,1.15,1.68,0.54
"20210722","1783",40.00,39.53,37.93,1.24,1.60,0.36
"20210723","1783",40.13,39.62,38.09,1.30,1.53,0.23
"20210726","1783",42.73,40.10,38.44,1.37,1.67,0.29
"20210727","1783",45.01,40.86,38.92,1.48,1.93,0.45
"20210728","1783",49.24,42.15,39.69,1.68,2.46,0.78
"20210729","1783",53.21,43.85,40.69,1.98,3.16,1.18
"20210730","1783",56.33,45.77,41.85,2.36,3.92,1.56
"20210802","1783",57.58,47.58,43.01,2.81,4.57,1.77
"20210803","1783",61.25,49.69,44.36,3.31,5.32,2.01
"20210804","1783",60.93,51.42,45.59,3.81,5.83,2.01
"20210805","1783",65.30,53.55,47.05,4.35,6.50,2.15
"20210806","1783",71.93,56.38,48.89,4.98,7.49,2.51
"20210809","1783",74.13,59.11,50.76,5.65,8.35,2.70
"20210810","1783",66.98,60.32,51.96,6.19,8.36,2.16
"20210811","1783",64.48,60.96,52.89,6.57,8.07,1.50
"20210812","1783",70.73,62.46,54.21,6.90,8.25,1.35
"20210813","1783",73.20,64.11,55.62,7.22,8.50,1.27
"20210816","1783",70.83,65.15,56.74,7.46,8.40,0.94
"20210817","1783",70.13,65.91,57.73,7.60,8.18,0.57
"20210818","1783",65.23,65.81,58.29,7.59,7.52,-0.07
"20210819","1783",69.58,66.39,59.13,7.52,7.26,-0.26
"20210820","1783",67.30,66.53,59.73,7.38,6.80,-0.58
"20210823","1783",66.33,66.50,60.22,7.16,6.28,-0.88
"20210824","1783",65.38,66.32,60.60,6.87,5.72,-1.15
"20210825","1783",65.73,66.23,60.98,6.54,5.25,-1.29
"20210826","1783",64.90,66.03,61.27,6.19,4.76,-1.43
"20210827","1783",64.08,65.73,61.48,5.80,4.25,-1.55
"20210830","1783",64.35,65.51,61.69,5.40,3.82,-1.58
"20210831","1783",63.90,65.27,61.86,5.01,3.41,-1.59
"20210901","1783",63.40,64.98,61.97,4.61,3.01,-1.60
"20210902","1783",61.30,64.41,61.92,4.18,2.49,-1.69
"20210903","1783",60.75,63.85,61.83,3.75,2.02,-1.73
"20210906","1783",59.23,63.14,61.64,3.30,1.50,-1.80
"20210907","1783",59.78,62.62,61.50,2.86,1.12,-1.74
"20210908","1783",58.23,61.94,61.26,2.43,0.69,-1.74
"20210909","1783",58.83,61.46,61.08,2.02,0.39,-1.63
"20210910","1783",58.05,60.94,60.85,1.63,0.08,-1.55
"20210913","1783",58.58,60.58,60.69,1.28,-0.11,-1.39
"20210914","1783",58.55,60.26,60.53,0.97,-0.26,-1.24
"20210915","1783",57.43,59.83,60.30,0.69,-0.47,-1.16
"20210916","1783",56.68,59.34,60.03,0.41,-0.69,-1.10
"20210917","1783",56.43,58.89,59.76,0.15,-0.87,-1.02
"20210922","1783",54.83,58.27,59.40,-0.10,-1.13,-1.03
"20210923","1783",57.00,58.07,59.22,-0.31,-1.15,-0.84
"20210924","1783",56.70,57.86,59.03,-0.48,-1.17,-0.69
"20210927","1783",60.20,58.22,59.12,-0.57,-0.90,-0.33
"20210928","1783",58.73,58.30,59.09,-0.61,-0.79,-0.18
"20210929","1783",55.68,57.90,58.84,-0.68,-0.94,-0.26
"20210930","1783",54.80,57.42,58.54,-0.77,-1.12,-0.35
"20211001","1783",51.16,56.46,57.99,-0.92,-1.54,-0.62
"20211004","1783",52.23,55.81,57.56,-1.09,-1.76,-0.67
"20211005","1783",52.95,55.37,57.22,-1.24,-1.86,-0.62
"20211006","1783",53.35,55.06,56.94,-1.37,-1.88,-0.51
"20211007","1783",54.85,55.02,56.78,-1.45,-1.76,-0.31
"20211008","1783",53.95,54.86,56.57,-1.50,-1.71,-0.21
"20211012","1783",54.88,54.86,56.45,-1.52,-1.58,-0.07
"20211013","1783",52.03,54.43,56.12,-1.55,-1.69,-0.14
"20211014","1783",51.95,54.04,55.81,-1.59,-1.77,-0.17
"20211015","1783",53.03,53.89,55.60,-1.62,-1.72,-0.10
"20211018","1783",53.83,53.88,55.47,-1.61,-1.59,0.02
"20211019","1783",53.45,53.81,55.32,-1.59,-1.51,0.08
"20211020","1783",53.18,53.71,55.16,-1.56,-1.45,0.12
"20211021","1783",53.10,53.62,55.01,-1.53,-1.39,0.14
"20211022","1783",51.43,53.28,54.74,-1.52,-1.46,0.05
"20211025","1783",50.88,52.91,54.46,-1.52,-1.55,-0.02
"20211026","1783",51.25,52.66,54.22,-1.53,-1.56,-0.03
"20211027","1783",51.43,52.47,54.01,-1.53,-1.55,-0.01
"20211028","1783",51.65,52.34,53.84,-1.53,-1.50,0.03
"20211029","1783",50.93,52.12,53.62,-1.52,-1.50,0.02
"20211101","1783",51.88,52.08,53.49,-1.50,-1.41,0.09
"20211102","1783",51.20,51.95,53.32,-1.47,-1.37,0.10
"20211103","1783",50.90,51.79,53.14,-1.45,-1.36,0.09
"20211104","1783",51.18,51.69,53.00,-1.42,-1.30,0.12
"20211105","1783",51.18,51.61,52.86,-1.39,-1.25,0.14
"20211108","1783",50.80,51.49,52.71,-1.35,-1.22,0.13
"20211109","1783",54.75,51.99,52.86,-1.26,-0.87,0.39
"20211110","1783",54.05,52.31,52.95,-1.13,-0.64,0.49
"20211111","1783",58.03,53.19,53.33,-0.93,-0.14,0.80
"20211112","1783",59.43,54.15,53.78,-0.67,0.37,1.04
"20211115","1783",59.33,54.94,54.19,-0.39,0.76,1.14
"20211116","1783",57.75,55.37,54.45,-0.13,0.92,1.05
"20211117","1783",57.83,55.75,54.70,0.11,1.05,0.94
"20211118","1783",56.75,55.91,54.85,0.30,1.05,0.75
"20211119","1783",56.25,55.96,54.96,0.44,1.00,0.56
"20211122","1783",57.95,56.26,55.18,0.57,1.09,0.52
"20211123","1783",56.40,56.29,55.27,0.66,1.02,0.36
"20211124","1783",55.83,56.21,55.31,0.71,0.90,0.20
"20211125","1783",58.03,56.49,55.51,0.76,0.98,0.22
"20211126","1783",58.13,56.74,55.70,0.82,1.04,0.22
"20211129","1783",57.75,56.90,55.86,0.86,1.04,0.18
"20211130","1783",58.63,57.16,56.06,0.91,1.10,0.19
"20211201","1783",60.18,57.63,56.37,0.98,1.26,0.28
"20211202","1783",58.68,57.79,56.54,1.04,1.25,0.22
"20211203","1783",58.45,57.89,56.68,1.07,1.21,0.14
"20211206","1783",58.78,58.03,56.83,1.09,1.19,0.10
"20211207","1783",58.40,58.08,56.95,1.10,1.13,0.03
"20211208","1783",59.15,58.25,57.11,1.11,1.13,0.03
"20211209","1783",58.10,58.23,57.19,1.10,1.04,-0.06
"20211210","1783",55.65,57.83,57.07,1.03,0.76,-0.27
"20211213","1783",54.83,57.37,56.91,0.91,0.46,-0.45
"20211214","1783",52.88,56.68,56.61,0.74,0.07,-0.68
"20211215","1783",53.05,56.12,56.34,0.55,-0.23,-0.78
"20211216","1783",52.40,55.55,56.05,0.34,-0.51,-0.85
"20211217","1783",51.48,54.92,55.71,0.11,-0.79,-0.91
"20211220","1783",52.00,54.47,55.44,-0.10,-0.97,-0.86
"20211221","1783",52.20,54.12,55.20,-0.30,-1.08,-0.78
"20211222","1783",52.15,53.82,54.97,-0.47,-1.15,-0.69
"20211223","1783",52.03,53.54,54.75,-0.62,-1.21,-0.59
"20211224","1783",50.99,53.15,54.47,-0.76,-1.33,-0.57
"20211227","1783",51.53,52.90,54.26,-0.88,-1.36,-0.48
"20211228","1783",51.23,52.64,54.03,-0.98,-1.39,-0.41
"20211229","1783",51.28,52.43,53.83,-1.06,-1.40,-0.33
"20211230","1783",51.63,52.31,53.66,-1.12,-1.36,-0.23
"20220103","1783",51.18,52.13,53.48,-1.17,-1.35,-0.18
"20220104","1783",51.05,51.97,53.30,-1.20,-1.33,-0.13
"20220105","1783",50.95,51.81,53.13,-1.22,-1.32,-0.09
"20220106","1783",51.30,51.73,52.99,-1.23,-1.26,-0.03
"20220107","1783",50.30,51.51,52.79,-1.24,-1.28,-0.04
"20220110","1783",50.13,51.30,52.59,-1.25,-1.30,-0.04
"20220111","1783",48.93,50.93,52.32,-1.28,-1.39,-0.11
"20220112","1783",47.75,50.44,51.98,-1.33,-1.54,-0.21
"20220113","1783",47.75,50.03,51.67,-1.39,-1.64,-0.25
"20220114","1783",46.69,49.51,51.30,-1.47,-1.79,-0.31
"20220117","1783",47.05,49.14,50.99,-1.55,-1.85,-0.30
"20220118","1783",46.66,48.76,50.67,-1.62,-1.91,-0.29
"20220119","1783",45.74,48.29,50.30,-1.70,-2.01,-0.31
"20220120","1783",45.66,47.89,49.96,-1.77,-2.07,-0.30
"20220121","1783",44.71,47.40,49.57,-1.85,-2.17,-0.32
"20220124","1783",43.66,46.82,49.13,-1.94,-2.31,-0.36
"20220125","1783",42.73,46.19,48.66,-2.05,-2.46,-0.42
"20220126","1783",43.85,45.83,48.30,-2.13,-2.47,-0.34
"20220207","1783",44.30,45.60,48.00,-2.19,-2.41,-0.22
"20220208","1783",44.59,45.44,47.75,-2.21,-2.31,-0.10
"20220209","1783",45.19,45.40,47.56,-2.20,-2.16,0.04
"20220210","1783",45.13,45.36,47.38,-2.16,-2.02,0.14
"20220211","1783",45.09,45.32,47.21,-2.11,-1.89,0.22
"20220214","1783",43.71,45.07,46.95,-2.06,-1.88,0.18
"20220215","1783",43.81,44.88,46.72,-2.02,-1.84,0.18
"20220216","1783",44.19,44.77,46.53,-1.97,-1.76,0.21
"20220217","1783",43.73,44.61,46.32,-1.92,-1.71,0.20
"20220218","1783",43.46,44.43,46.11,-1.87,-1.68,0.19
"20220221","1783",43.88,44.35,45.95,-1.82,-1.60,0.22
"20220222","1783",43.03,44.14,45.73,-1.77,-1.59,0.18
"20220223","1783",42.95,43.96,45.52,-1.73,-1.56,0.16
"20220224","1783",42.09,43.67,45.27,-1.70,-1.60,0.10
"20220225","1783",42.35,43.47,45.05,-1.68,-1.58,0.09
"20220301","1783",42.64,43.34,44.87,-1.65,-1.53,0.12
"20220302","1783",42.40,43.20,44.69,-1.62,-1.49,0.12
"20220303","1783",43.23,43.20,44.58,-1.57,-1.38,0.19
"20220304","1783",42.83,43.14,44.45,-1.52,-1.31,0.21
"20220307","1783",40.93,42.80,44.19,-1.49,-1.39,0.10
"20220308","1783",39.50,42.29,43.84,-1.50,-1.55,-0.05
"20220309","1783",40.33,41.99,43.58,-1.52,-1.59,-0.07
"20220310","1783",41.04,41.84,43.39,-1.53,-1.55,-0.02
"20220311","1783",40.33,41.61,43.17,-1.53,-1.56,-0.02
"20220314","1783",39.86,41.34,42.92,-1.54,-1.58,-0.04
"20220315","1783",38.80,40.95,42.62,-1.57,-1.67,-0.10
"20220316","1783",38.63,40.59,42.32,-1.60,-1.73,-0.13
"20220317","1783",39.49,40.42,42.11,-1.62,-1.69,-0.07
"20220318","1783",39.79,40.32,41.94,-1.62,-1.61,0.00
"20220321","1783",40.90,40.41,41.86,-1.58,-1.45,0.13
"20220322","1783",43.36,40.87,41.97,-1.49,-1.11,0.38
"20220323","1783",43.95,41.34,42.12,-1.35,-0.78,0.57
"20220324","1783",43.41,41.66,42.22,-1.19,-0.56,0.63
"20220325","1783",43.33,41.92,42.30,-1.03,-0.38,0.65
"20220328","1783",43.76,42.20,42.41,-0.86,-0.21,0.66
"20220329","1783",43.78,42.44,42.51,-0.70,-0.07,0.64
"20220330","1783",43.99,42.68,42.62,-0.55,0.06,0.61
"20220331","1783",43.54,42.81,42.69,-0.41,0.13,0.54
"20220401","1783",42.76,42.80,42.69,-0.31,0.11,0.42
"20220406","1783",42.48,42.75,42.68,-0.23,0.08,0.31
"20220407","1783",41.81,42.61,42.61,-0.19,0.00,0.18
"20220408","1783",42.16,42.54,42.58,-0.16,-0.04,0.12
"20220411","1783",41.58,42.39,42.50,-0.15,-0.11,0.04
"20220412","1783",41.60,42.27,42.44,-0.15,-0.17,-0.02
"20220413","1783",42.05,42.24,42.41,-0.16,-0.17,-0.02
"20220414","1783",43.78,42.47,42.51,-0.13,-0.04,0.10
"20220415","1783",43.74,42.67,42.60,-0.09,0.07,0.16
"20220418","1783",44.34,42.92,42.73,-0.03,0.20,0.23
"20220419","1783",45.48,43.32,42.93,0.05,0.38,0.33
"20220420","1783",44.33,43.47,43.04,0.13,0.44,0.31
"20220421","1783",43.75,43.51,43.09,0.19,0.43,0.24
"20220422","1783",44.76,43.71,43.21,0.25,0.49,0.25
"20220425","1783",41.01,43.29,43.05,0.25,0.24,0.00
"20220426","1783",39.13,42.65,42.76,0.18,-0.11,-0.28
"20220427","1783",38.05,41.94,42.41,0.05,-0.47,-0.51
"20220428","1783",38.03,41.34,42.09,-0.11,-0.74,-0.63
"20220429","1783",37.95,40.82,41.78,-0.28,-0.96,-0.68
"20220503","1783",38.30,40.43,41.52,-0.44,-1.09,-0.65
"20220504","1783",38.00,40.06,41.26,-0.59,-1.20,-0.61
"20220505","1783",38.03,39.74,41.02,-0.73,-1.28,-0.55
"20220506","1783",37.19,39.35,40.74,-0.86,-1.39,-0.52
"20220509","1783",36.28,38.88,40.41,-1.00,-1.53,-0.53
"20220510","1783",36.04,38.44,40.08,-1.12,-1.64,-0.52
"20220511","1783",36.21,38.10,39.80,-1.24,-1.70,-0.46
"20220512","1783",34.81,37.59,39.43,-1.36,-1.83,-0.48
"20220513","1783",36.50,37.42,39.21,-1.44,-1.79,-0.34
"20220516","1783",37.03,37.36,39.05,-1.49,-1.69,-0.19
"20220517","1783",37.18,37.33,38.91,-1.51,-1.58,-0.07
"20220518","1783",37.85,37.41,38.83,-1.49,-1.42,0.07
"20220519","1783",37.39,37.41,38.72,-1.46,-1.31,0.14
"20220520","1783",37.39,37.41,38.63,-1.41,-1.22,0.19
"20220523","1783",37.61,37.44,38.55,-1.35,-1.11,0.24
"20220524","1783",37.18,37.40,38.45,-1.29,-1.05,0.24
"20220525","1783",37.08,37.35,38.35,-1.23,-1.00,0.23
"20220526","1783",37.44,37.36,38.28,-1.17,-0.92,0.25
"20220527","1783",37.79,37.43,38.24,-1.10,-0.82,0.28
"20220530","1783",38.15,37.54,38.24,-1.02,-0.70,0.32
"20220531","1783",38.88,37.74,38.28,-0.92,-0.54,0.38
"20220601","1783",38.70,37.89,38.31,-0.82,-0.42,0.40
"20220602","1783",38.93,38.05,38.36,-0.72,-0.31,0.41
"20220606","1783",39.84,38.33,38.47,-0.60,-0.14,0.46
"20220607","1783",41.04,38.74,38.66,-0.47,0.08,0.55
"20220608","1783",41.26,39.13,38.85,-0.32,0.28,0.60
"20220609","1783",40.98,39.41,39.01,-0.17,0.40,0.58
"20220610","1783",41.13,39.68,39.17,-0.04,0.51,0.55
"20220613","1783",40.00,39.73,39.23,0.07,0.50,0.43
"20220614","1783",39.56,39.70,39.25,0.15,0.45,0.30
"20220615","1783",40.06,39.76,39.31,0.21,0.44,0.24
"20220616","1783",40.33,39.84,39.39,0.26,0.46,0.20
"20220617","1783",39.93,39.86,39.43,0.29,0.43,0.14
"20220620","1783",39.89,39.86,39.46,0.31,0.40,0.09
"20220621","1783",40.61,39.98,39.55,0.34,0.43,0.09
"20220622","1783",43.94,40.59,39.87,0.41,0.71,0.30
"20220623","1783",41.56,40.74,40.00,0.48,0.74,0.26
"20220624","1783",40.70,40.73,40.05,0.52,0.68,0.16
"20220627","1783",40.90,40.76,40.11,0.54,0.64,0.10
"20220628","1783",43.41,41.17,40.36,0.60,0.81,0.21
"20220629","1783",46.99,42.06,40.85,0.72,1.21,0.49
"20220630","1783",48.75,43.09,41.43,0.91,1.66,0.75
"20220701","1783",44.63,43.33,41.67,1.06,1.66,0.60
"20220704","1783",40.70,42.92,41.60,1.11,1.32,0.21
"20220705","1783",40.55,42.56,41.52,1.10,1.04,-0.06
"20220706","1783",41.48,42.39,41.52,1.05,0.87,-0.18
"20220707","1783",40.55,42.11,41.45,0.97,0.66,-0.31
"20220708","1783",42.63,42.19,41.53,0.91,0.65,-0.26
"20220711","1783",43.91,42.45,41.71,0.88,0.74,-0.13
"20220712","1783",42.94,42.53,41.80,0.85,0.73,-0.12
"20220713","1783",44.48,42.83,42.00,0.84,0.83,-0.01
"20220714","1783",45.13,43.18,42.23,0.86,0.95,0.09
"20220715","1783",44.21,43.34,42.38,0.88,0.96,0.08
"20220718","1783",43.66,43.39,42.47,0.89,0.92,0.03
"20220719","1783",43.85,43.46,42.57,0.89,0.89,0.00
"20220720","1783",43.06,43.40,42.61,0.87,0.79,-0.08
"20220721","1783",43.25,43.38,42.66,0.84,0.72,-0.12
"20220722","1783",44.05,43.48,42.76,0.82,0.72,-0.10
"20220725","1783",46.15,43.89,43.01,0.83,0.88,0.05
"20220726","1783",45.70,44.17,43.21,0.85,0.96,0.10
"20220727","1783",45.01,44.30,43.34,0.87,0.95,0.08
"20220728","1783",44.71,44.36,43.45,0.88,0.92,0.03
"20220729","1783",44.51,44.39,43.52,0.88,0.86,-0.02
"20220801","1783",43.98,44.32,43.56,0.86,0.76,-0.09
"20220802","1783",42.40,44.03,43.47,0.80,0.55,-0.24
"20220803","1783",41.45,43.63,43.32,0.70,0.31,-0.39
"20220804","1783",41.26,43.27,43.17,0.58,0.10,-0.48
"20220805","1783",41.76,43.03,43.07,0.46,-0.03,-0.49
"20220808","1783",40.68,42.67,42.89,0.32,-0.22,-0.54
"20220809","1783",40.71,42.37,42.73,0.19,-0.36,-0.54
"20220810","1783",41.11,42.18,42.61,0.06,-0.43,-0.49
"20220811","1783",41.81,42.12,42.55,-0.04,-0.43,-0.39
"20220812","1783",42.55,42.19,42.55,-0.10,-0.36,-0.26
"20220815","1783",42.21,42.19,42.52,-0.15,-0.33,-0.19
"20220816","1783",43.05,42.32,42.56,-0.17,-0.24,-0.07
"20220817","1783",43.68,42.53,42.65,-0.16,-0.11,0.04
"20220818","1783",44.04,42.76,42.75,-0.12,0.01,0.14
"20220819","1783",43.79,42.92,42.83,-0.08,0.09,0.17
"20220822","1783",44.41,43.15,42.94,-0.02,0.21,0.23
"20220823","1783",43.99,43.28,43.02,0.03,0.26,0.22
"20220824","1783",44.74,43.50,43.15,0.10,0.36,0.26
"20220825","1783",44.83,43.71,43.27,0.17,0.43,0.27
"20220826","1783",45.25,43.94,43.42,0.24,0.53,0.29
"20220829","1783",43.45,43.87,43.42,0.28,0.45,0.17
"20220830","1783",44.65,43.99,43.51,0.32,0.48,0.16
"20220831","1783",48.40,44.67,43.87,0.41,0.79,0.38
"20220901","1783",47.13,45.05,44.11,0.52,0.93,0.41
"20220902","1783",49.06,45.66,44.48,0.65,1.18,0.53
"20220905","1783",49.73,46.29,44.87,0.80,1.42,0.61
"20220906","1783",45.71,46.20,44.93,0.90,1.27,0.37
"20220907","1783",45.38,46.07,44.96,0.94,1.11,0.17
"20220908","1783",45.88,46.04,45.03,0.95,1.01,0.06
"20220912","1783",47.86,46.32,45.24,0.98,1.08,0.10
"20220913","1783",48.91,46.72,45.51,1.02,1.21,0.18
"20220914","1783",49.20,47.10,45.79,1.08,1.32,0.23
"20220915","1783",48.20,47.27,45.97,1.13,1.31,0.18
"20220916","1783",47.26,47.27,46.06,1.14,1.21,0.06
"20220919","1783",45.80,47.04,46.04,1.11,1.00,-0.11
"20220920","1783",45.48,46.80,46.00,1.05,0.80,-0.25
"20220921","1783",44.80,46.49,45.91,0.96,0.58,-0.38
"20220922","1783",45.33,46.31,45.87,0.86,0.45,-0.41
"20220923","1783",44.45,46.03,45.76,0.74,0.26,-0.47
"20220926","1783",42.23,45.44,45.50,0.58,-0.06,-0.64
"20220927","1783",41.95,44.91,45.24,0.40,-0.33,-0.73
"20220928","1783",39.88,44.13,44.84,0.18,-0.71,-0.88
"20220929","1783",40.71,43.61,44.53,-0.05,-0.93,-0.88
"20220930","1783",40.34,43.10,44.22,-0.26,-1.12,-0.86
"20221003","1783",40.14,42.65,43.92,-0.46,-1.27,-0.81
"20221004","1783",41.03,42.40,43.71,-0.63,-1.31,-0.68
"20221005","1783",40.73,42.14,43.49,-0.78,-1.35,-0.57
"20221006","1783",40.84,41.94,43.29,-0.89,-1.35,-0.46
"20221007","1783",40.71,41.75,43.10,-0.98,-1.35,-0.37
"20221011","1783",39.06,41.34,42.80,-1.08,-1.46,-0.38
"20221012","1783",38.10,40.84,42.45,-1.18,-1.61,-0.43
"20221013","1783",35.73,40.05,41.95,-1.33,-1.90,-0.57
"20221014","1783",36.18,39.46,41.53,-1.48,-2.07,-0.59
"20221017","1783",35.55,38.85,41.08,-1.63,-2.23,-0.60
"20221018","1783",36.16,38.44,40.72,-1.76,-2.28,-0.52
"20221019","1783",36.04,38.07,40.37,-1.87,-2.30,-0.43
"20221020","1783",35.14,37.62,39.98,-1.97,-2.36,-0.40
"20221021","1783",34.78,37.18,39.60,-2.06,-2.42,-0.36
"20221024","1783",35.06,36.86,39.26,-2.13,-2.41,-0.28
"20221025","1783",34.65,36.52,38.92,-2.18,-2.40,-0.22
"20221026","1783",35.76,36.40,38.69,-2.20,-2.29,-0.08
"20221027","1783",36.75,36.45,38.54,-2.18,-2.09,0.09
"20221028","1783",36.29,36.43,38.38,-2.13,-1.95,0.19
"20221031","1783",37.10,36.53,38.28,-2.06,-1.75,0.31
"20221101","1783",38.66,36.86,38.31,-1.94,-1.45,0.49
"20221102","1783",39.06,37.20,38.37,-1.78,-1.17,0.61
"20221103","1783",39.48,37.55,38.45,-1.60,-0.90,0.71
"20221104","1783",40.51,38.00,38.60,-1.40,-0.60,0.81
"20221107","1783",40.48,38.38,38.74,-1.19,-0.35,0.84
"20221108","1783",40.23,38.67,38.85,-0.99,-0.18,0.81
"20221109","1783",40.58,38.96,38.98,-0.80,-0.02,0.78
"20221110","1783",41.24,39.31,39.14,-0.60,0.17,0.77
"20221111","1783",38.00,39.11,39.06,-0.47,0.05,0.52
"20221114","1783",39.01,39.09,39.06,-0.37,0.04,0.41
"20221115","1783",39.24,39.12,39.07,-0.29,0.05,0.33
"20221116","1783",39.06,39.11,39.07,-0.22,0.04,0.26
"20221117","1783",40.10,39.26,39.15,-0.15,0.12,0.27
"20221118","1783",40.48,39.45,39.24,-0.08,0.20,0.29
"20221121","1783",41.71,39.80,39.43,0.01,0.37,0.36
"20221122","1783",41.30,40.03,39.57,0.10,0.46,0.36
"20221123","1783",41.90,40.32,39.74,0.19,0.58,0.38
"20221124","1783",41.38,40.48,39.86,0.28,0.62,0.34
"20221125","1783",41.20,40.59,39.96,0.35,0.63,0.28
"20221128","1783",42.84,40.94,40.17,0.43,0.76,0.33
"20221129","1783",42.70,41.21,40.36,0.52,0.85,0.33
"20221130","1783",42.93,41.47,40.55,0.60,0.92,0.33
"20221201","1783",43.64,41.80,40.78,0.68,1.03,0.34
"20221202","1783",44.20,42.17,41.03,0.77,1.14,0.37
"20221205","1783",44.70,42.56,41.30,0.87,1.26,0.39
"20221206","1783",46.69,43.20,41.70,1.00,1.49,0.50
"20221207","1783",46.58,43.72,42.06,1.13,1.65,0.53
"20221208","1783",46.66,44.17,42.40,1.25,1.77,0.51
"20221209","1783",45.76,44.41,42.65,1.36,1.76,0.41
"20221212","1783",46.43,44.72,42.93,1.44,1.79,0.35
"20221213","1783",47.54,45.16,43.27,1.53,1.88,0.35
"20221214","1783",47.23,45.47,43.57,1.61,1.91,0.30
"20221215","1783",46.65,45.66,43.79,1.66,1.86,0.20
"20221216","1783",46.35,45.76,43.98,1.68,1.78,0.10
"20221219","1783",46.65,45.90,44.18,1.69,1.72,0.03
"20221220","1783",45.26,45.80,44.26,1.66,1.54,-0.12
"20221221","1783",46.98,45.98,44.46,1.63,1.52,-0.11
"20221222","1783",48.55,46.38,44.77,1.63,1.61,-0.02
"20221223","1783",51.00,47.09,45.23,1.67,1.86,0.19
"20221226","1783",52.15,47.87,45.74,1.76,2.13,0.36
"20221227","1783",50.88,48.33,46.12,1.85,2.21,0.36
"20221228","1783",49.78,48.55,46.39,1.92,2.16,0.25
"20221229","1783",47.99,48.47,46.51,1.92,1.96,0.03
"20221230","1783",47.89,48.38,46.61,1.89,1.76,-0.13
"20230103","1783",45.93,48.00,46.56,1.80,1.44,-0.36
"20230104","1783",44.86,47.52,46.43,1.66,1.08,-0.58
"20230105","1783",45.75,47.24,46.38,1.50,0.86,-0.64
"20230106","1783",46.66,47.16,46.40,1.35,0.75,-0.60
"20230109","1783",47.74,47.24,46.50,1.23,0.74,-0.49
"20230110","1783",47.35,47.26,46.57,1.12,0.69,-0.43
"20230111","1783",47.66,47.32,46.65,1.03,0.68,-0.36
"20230112","1783",47.68,47.38,46.72,0.96,0.65,-0.30
"20230113","1783",50.35,47.83,46.99,0.93,0.84,-0.09
"20230116","1783",50.46,48.24,47.25,0.94,0.99,0.05
"20230117","1783",50.19,48.54,47.47,0.97,1.07,0.10
"20230130","1783",49.53,48.69,47.62,0.99,1.07,0.08
"20230131","1783",51.83,49.17,47.93,1.04,1.24,0.20
"20230201","1783",52.10,49.62,48.24,1.11,1.38,0.27
"20230202","1783",52.73,50.10,48.57,1.19,1.53,0.34
"20230203","1783",57.80,51.28,49.26,1.36,2.03,0.67
"20230206","1783",60.35,52.68,50.08,1.61,2.60,0.99
"20230207","1783",62.65,54.21,51.01,1.93,3.20,1.28
"20230208","1783",61.83,55.38,51.81,2.26,3.57,1.32
"20230209","1783",60.28,56.14,52.44,2.55,3.70,1.15
"20230210","1783",58.75,56.54,52.90,2.76,3.63,0.87
"20230213","1783",58.33,56.81,53.31,2.91,3.51,0.60
"20230214","1783",58.90,57.13,53.72,3.01,3.41,0.40
"20230215","1783",59.35,57.48,54.14,3.08,3.34,0.26
"20230216","1783",59.23,57.74,54.51,3.11,3.23,0.12
"20230217","1783",59.43,58.00,54.88,3.11,3.13,0.01
"20230220","1783",62.48,58.69,55.44,3.14,3.25,0.11
"20230221","1783",62.15,59.22,55.94,3.17,3.29,0.12
"20230222","1783",63.98,59.95,56.53,3.22,3.42,0.20
"20230223","1783",63.00,60.42,57.01,3.26,3.41,0.15
"20230224","1783",61.35,60.57,57.33,3.25,3.23,-0.02
"20230301","1783",62.13,60.81,57.69,3.23,3.12,-0.11
"20230302","1783",63.65,61.24,58.13,3.20,3.11,-0.09
"20230303","1783",65.88,61.96,58.70,3.21,3.25,0.04
"20230306","1783",60.95,61.80,58.87,3.16,2.93,-0.23
"20230307","1783",59.03,61.37,58.88,3.02,2.49,-0.53
"20230308","1783",59.03,61.01,58.89,2.84,2.12,-0.72
"20230309","1783",58.48,60.62,58.86,2.63,1.76,-0.87
"20230310","1783",57.03,60.07,58.73,2.37,1.34,-1.03
"20230313","1783",56.03,59.45,58.53,2.08,0.92,-1.16
"20230314","1783",55.98,58.91,58.34,1.78,0.58,-1.20
"20230315","1783",55.65,58.41,58.14,1.48,0.27,-1.20
"20230316","1783",53.85,57.71,57.82,1.16,-0.11,-1.27
"20230317","1783",53.93,57.13,57.53,0.85,-0.40,-1.25
"20230320","1783",53.38,56.55,57.22,0.54,-0.67,-1.22
"20230321","1783",54.43,56.22,57.02,0.28,-0.79,-1.07
"20230322","1783",54.58,55.97,56.84,0.05,-0.87,-0.91
"20230323","1783",55.83,55.95,56.76,-0.12,-0.81,-0.69
"20230324","1783",55.98,55.95,56.70,-0.25,-0.75,-0.50
"20230327","1783",55.88,55.94,56.64,-0.34,-0.70,-0.36
"20230328","1783",54.90,55.78,56.51,-0.42,-0.73,-0.31
"20230329","1783",55.90,55.80,56.47,-0.47,-0.67,-0.20
"20230330","1783",55.55,55.76,56.40,-0.50,-0.64,-0.14
"20230331","1783",55.90,55.78,56.36,-0.52,-0.58,-0.06
"20230406","1783",56.45,55.88,56.37,-0.51,-0.48,0.03
"20230407","1783",56.48,55.98,56.38,-0.49,-0.40,0.09
"20230410","1783",56.60,56.07,56.39,-0.46,-0.32,0.13
"20230411","1783",55.83,56.03,56.35,-0.43,-0.32,0.11
"20230412","1783",56.65,56.13,56.37,-0.39,-0.24,0.15
"20230413","1783",56.73,56.22,56.40,-0.35,-0.18,0.17
"20230414","1783",56.73,56.30,56.42,-0.30,-0.13,0.18
"20230417","1783",58.55,56.64,56.58,-0.23,0.06,0.29
"20230418","1783",58.55,56.94,56.73,-0.14,0.21,0.35
"20230419","1783",61.55,57.65,57.08,0.00,0.56,0.56
"20230420","1783",61.63,58.26,57.42,0.17,0.84,0.67
"20230421","1783",59.05,58.38,57.54,0.30,0.84,0.54
"20230424","1783",60.78,58.75,57.78,0.43,0.97,0.53
"20230425","1783",59.93,58.93,57.94,0.55,0.99,0.44
"20230426","1783",58.80,58.91,58.00,0.62,0.91,0.29
"20230427","1783",59.43,58.99,58.11,0.67,0.88,0.21
"20230428","1783",61.50,59.38,58.36,0.74,1.02,0.28
"20230502","1783",64.55,60.17,58.82,0.86,1.35,0.49
"20230503","1783",63.63,60.70,59.17,1.00,1.53,0.53
"20230504","1783",67.90,61.81,59.82,1.19,1.99,0.80
"20230505","1783",71.78,63.34,60.71,1.48,2.64,1.15
"20230508","1783",70.98,64.52,61.47,1.80,3.05,1.25
"20230509","1783",68.35,65.11,61.98,2.06,3.13,1.07
"20230510","1783",67.08,65.41,62.35,2.26,3.06,0.79
"20230511","1783",64.18,65.22,62.49,2.36,2.73,0.38
"20230512","1783",62.95,64.87,62.52,2.35,2.35,-0.01
"20230515","1783",60.93,64.26,62.40,2.25,1.86,-0.40
"20230516","1783",61.13,63.78,62.31,2.10,1.47,-0.63
"20230517","1783",61.58,63.44,62.26,1.92,1.19,-0.73
"20230518","1783",61.25,63.10,62.18,1.72,0.92,-0.79
"20230519","1783",60.25,62.67,62.04,1.50,0.63,-0.87
"20230522","1783",60.33,62.31,61.91,1.28,0.39,-0.88
"20230523","1783",61.48,62.18,61.88,1.08,0.30,-0.78
"20230524","1783",60.95,61.99,61.81,0.90,0.18,-0.72
"20230525","1783",59.88,61.66,61.67,0.72,0.00,-0.72
"20230526","1783",57.28,60.99,61.34,0.51,-0.35,-0.86
"20230529","1783",57.00,60.37,61.02,0.28,-0.65,-0.92
"20230530","1783",56.50,59.78,60.69,0.04,-0.91,-0.95
"20230531","1783",57.20,59.38,60.43,-0.18,-1.05,-0.87
"20230601","1783",58.05,59.18,60.25,-0.36,-1.07,-0.72
"20230602","1783",58.08,59.01,60.09,-0.50,-1.08,-0.58
"20230605","1783",58.38,58.91,59.96,-0.61,-1.05,-0.44
"20230606","1783",58.03,58.77,59.82,-0.70,-1.05,-0.35
"20230607","1783",58.95,58.80,59.75,-0.75,-0.95,-0.20
"20230608","1783",58.43,58.74,59.66,-0.78,-0.91,-0.13
"20230609","1783",58.93,58.77,59.60,-0.79,-0.83,-0.04
"20230612","1783",57.80,58.62,59.47,-0.80,-0.85,-0.04
"20230613","1783",57.35,58.43,59.31,-0.82,-0.89,-0.07
"20230614","1783",57.35,58.26,59.17,-0.84,-0.91,-0.07
"20230615","1783",57.48,58.14,59.04,-0.85,-0.90,-0.05
"20230616","1783",59.40,58.33,59.07,-0.83,-0.73,0.09
"20230619","1783",60.28,58.63,59.16,-0.77,-0.52,0.24
"20230620","1783",61.15,59.02,59.30,-0.67,-0.29,0.38
"20230621","1783",60.58,59.26,59.40,-0.56,-0.14,0.42
"20230626","1783",59.60,59.31,59.41,-0.47,-0.10,0.37
"20230627","1783",63.88,60.01,59.74,-0.32,0.27,0.59
"20230628","1783",62.83,60.45,59.97,-0.16,0.47,0.64
"20230629","1783",63.65,60.94,60.24,0.01,0.69,0.69
"20230630","1783",64.13,61.43,60.53,0.19,0.90,0.71
"20230703","1783",64.25,61.86,60.81,0.36,1.06,0.70
"20230704","1783",65.65,62.45,61.17,0.54,1.28,0.74
"20230705","1783",64.75,62.80,61.43,0.71,1.37,0.66
"20230706","1783",64.43,63.05,61.65,0.85,1.40,0.55
"20230707","1783",64.48,63.27,61.86,0.96,1.41,0.45
"20230710","1783",64.40,63.44,62.05,1.05,1.39,0.35
"20230711","1783",63.50,63.45,62.16,1.09,1.29,0.20
"20230712","1783",61.23,63.11,62.09,1.08,1.02,-0.06
"20230713","1783",60.08,62.64,61.94,1.00,0.70,-0.30
"20230714","1783",60.50,62.31,61.83,0.90,0.48,-0.42
"20230717","1783",61.73,62.22,61.82,0.80,0.40,-0.40
"20230718","1783",59.95,61.87,61.69,0.68,0.19,-0.49
"20230719","1783",61.90,61.88,61.70,0.58,0.18,-0.40
"20230720","1783",62.15,61.92,61.74,0.50,0.18,-0.31
"20230721","1783",61.25,61.82,61.70,0.42,0.12,-0.30
"20230724","1783",60.18,61.56,61.59,0.33,-0.02,-0.36
"20230725","1783",61.45,61.55,61.58,0.26,-0.03,-0.29
"20230726","1783",60.53,61.39,61.50,0.19,-0.11,-0.30
"20230727","1783",65.45,62.01,61.79,0.19,0.22,0.03
"20230728","1783",64.98,62.47,62.03,0.24,0.44,0.20
"20230731","1783",62.85,62.53,62.09,0.28,0.44,0.16
"20230801","1783",63.95,62.75,62.23,0.33,0.52,0.19
"20230802","1783",62.85,62.76,62.27,0.36,0.49,0.13
"20230804","1783",61.98,62.64,62.25,0.37,0.39,0.02
"20230807","1783",61.80,62.51,62.22,0.35,0.29,-0.06
"20230808","1783",61.20,62.31,62.14,0.31,0.17,-0.15
"20230809","1783",60.78,62.07,62.04,0.26,0.03,-0.23
"20230810","1783",60.48,61.83,61.93,0.19,-0.10,-0.28
"20230811","1783",59.73,61.50,61.76,0.10,-0.26,-0.36
"20230814","1783",57.53,60.89,61.45,-0.03,-0.56,-0.52
"20230815","1783",57.50,60.37,61.16,-0.18,-0.79,-0.60
"20230816","1783",56.88,59.83,60.84,-0.35,-1.01,-0.66
"20230817","1783",57.58,59.49,60.60,-0.50,-1.11,-0.61
"20230818","1783",57.18,59.13,60.34,-0.64,-1.21,-0.57
"20230821","1783",56.80,58.77,60.08,-0.77,-1.31,-0.53
"20230822","1783",55.35,58.25,59.73,-0.92,-1.48,-0.57
"20230823","1783",54.35,57.65,59.33,-1.07,-1.68,-0.61
"20230824","1783",55.23,57.27,59.03,-1.21,-1.75,-0.55
"20230825","1783",55.43,56.99,58.76,-1.32,-1.77,-0.45
"20230828","1783",54.80,56.65,58.47,-1.42,-1.81,-0.40
"20230829","1783",55.93,56.54,58.28,-1.48,-1.74,-0.26
"20230830","1783",57.23,56.65,58.20,-1.50,-1.55,-0.06
"20230831","1783",57.65,56.80,58.16,-1.47,-1.36,0.11
"20230901","1783",58.23,57.02,58.16,-1.40,-1.14,0.26
"20230904","1783",58.23,57.20,58.17,-1.32,-0.96,0.35
"20230905","1783",58.88,57.46,58.22,-1.20,-0.76,0.45
"20230906","1783",58.63,57.64,58.25,-1.09,-0.61,0.48
"20230907","1783",56.00,57.39,58.08,-1.01,-0.70,0.31
"20230908","1783",55.25,57.06,57.87,-0.97,-0.81,0.15
"20230911","1783",54.73,56.70,57.64,-0.96,-0.94,0.03
"20230912","1783",54.70,56.39,57.42,-0.98,-1.03,-0.05
"20230913","1783",55.05,56.19,57.24,-0.99,-1.06,-0.07
"20230914","1783",55.98,56.15,57.15,-0.99,-1.00,0.00
"20230915","1783",56.80,56.25,57.12,-0.97,-0.87,0.10
"20230918","1783",57.10,56.38,57.12,-0.92,-0.74,0.18
"20230919","1783",56.38,56.38,57.07,-0.88,-0.68,0.19
"20230920","1783",55.80,56.29,56.97,-0.84,-0.68,0.16
"20230921","1783",55.35,56.15,56.85,-0.81,-0.71,0.10
"20230922","1783",55.63,56.07,56.76,-0.79,-0.69,0.09
"20230925","1783",56.83,56.18,56.77,-0.75,-0.58,0.16
"20230926","1783",56.38,56.21,56.74,-0.71,-0.53,0.18
"20230927","1783",56.65,56.28,56.73,-0.66,-0.46,0.20
"20230928","1783",57.20,56.42,56.77,-0.59,-0.35,0.25
"20231002","1783",57.65,56.61,56.83,-0.52,-0.22,0.30
"20231003","1783",57.23,56.70,56.86,-0.45,-0.16,0.29
"20231004","1783",56.38,56.65,56.83,-0.39,-0.17,0.22
"20231005","1783",56.55,56.64,56.81,-0.35,-0.17,0.18
"20231006","1783",57.45,56.76,56.85,-0.30,-0.09,0.21
"20231011","1783",52.50,56.11,56.53,-0.32,-0.42,-0.10
"20231012","1783",50.93,55.31,56.11,-0.42,-0.80,-0.39
"20231013","1783",50.11,54.51,55.67,-0.56,-1.16,-0.59
"20231016","1783",47.80,53.48,55.09,-0.77,-1.61,-0.83
"20231017","1783",47.56,52.57,54.53,-1.01,-1.96,-0.95
"20231018","1783",46.86,51.69,53.96,-1.26,-2.27,-1.01
"20231019","1783",47.24,51.01,53.46,-1.50,-2.46,-0.96
"20231020","1783",46.85,50.37,52.97,-1.72,-2.61,-0.88
"20231023","1783",47.25,49.89,52.55,-1.91,-2.66,-0.75
"20231024","1783",47.16,49.47,52.15,-2.07,-2.68,-0.62
"20231025","1783",47.86,49.22,51.83,-2.17,-2.61,-0.44
"20231026","1783",47.33,48.93,51.50,-2.25,-2.57,-0.32
"20231027","1783",48.59,48.88,51.28,-2.28,-2.41,-0.12
"20231030","1783",48.55,48.83,51.08,-2.27,-2.25,0.03
"20231031","1783",47.40,48.61,50.81,-2.26,-2.20,0.06
"20231101","1783",46.93,48.35,50.52,-2.24,-2.17,0.07
"20231102","1783",47.54,48.23,50.30,-2.21,-2.07,0.13
"20231103","1783",47.91,48.18,50.12,-2.15,-1.94,0.21
"20231106","1783",48.08,48.16,49.97,-2.08,-1.81,0.28
"20231107","1783",48.70,48.24,49.87,-1.99,-1.63,0.36
"20231108","1783",48.90,48.35,49.80,-1.89,-1.46,0.43
"20231109","1783",47.21,48.17,49.61,-1.80,-1.44,0.36
"20231110","1783",46.80,47.96,49.40,-1.73,-1.44,0.28
"20231113","1783",47.01,47.81,49.23,-1.66,-1.41,0.25
"20231114","1783",46.40,47.60,49.02,-1.61,-1.42,0.19
"20231115","1783",46.89,47.49,48.86,-1.57,-1.37,0.19
"20231116","1783",47.03,47.42,48.72,-1.52,-1.31,0.21
"20231117","1783",47.24,47.39,48.61,-1.46,-1.22,0.24
"20231120","1783",47.99,47.48,48.57,-1.38,-1.09,0.30
"20231121","1783",47.93,47.55,48.52,-1.30,-0.97,0.33
"20231122","1783",48.08,47.63,48.49,-1.21,-0.86,0.36
"20231123","1783",48.65,47.79,48.50,-1.11,-0.71,0.40
"20231124","1783",48.45,47.89,48.50,-1.01,-0.61,0.40
"20231127","1783",49.31,48.11,48.56,-0.90,-0.45,0.45
"20231128","1783",48.58,48.18,48.56,-0.79,-0.38,0.42
"20231129","1783",48.66,48.25,48.57,-0.70,-0.31,0.39
"20231130","1783",48.58,48.30,48.57,-0.61,-0.26,0.35
"20231201","1783",49.04,48.42,48.60,-0.52,-0.18,0.34
"20231204","1783",49.55,48.59,48.67,-0.43,-0.08,0.35
"20231205","1783",49.20,48.69,48.71,-0.35,-0.02,0.33
"20231206","1783",48.73,48.69,48.71,-0.28,-0.02,0.27
"20231207","1783",48.10,48.60,48.67,-0.24,-0.06,0.18
"20231208","1783",47.98,48.51,48.61,-0.21,-0.11,0.10
"20231211","1783",48.01,48.43,48.57,-0.20,-0.14,0.06
"20231212","1783",47.70,48.32,48.51,-0.20,-0.19,0.01
"20231213","1783",47.69,48.22,48.44,-0.20,-0.22,-0.02
"20231214","1783",47.80,48.16,48.40,-0.21,-0.24,-0.03
"20231215","1783",48.50,48.21,48.40,-0.21,-0.20,0.01
"20231218","1783",48.44,48.24,48.41,-0.20,-0.16,0.04
"20231219","1783",47.90,48.19,48.37,-0.19,-0.18,0.02
"20231220","1783",47.95,48.15,48.34,-0.19,-0.19,0.00
"20231221","1783",48.18,48.16,48.33,-0.19,-0.17,0.02
"20231222","1783",48.11,48.15,48.31,-0.18,-0.16,0.02
"20231225","1783",47.83,48.10,48.27,-0.18,-0.18,0.00
"20231226","1783",47.91,48.07,48.25,-0.18,-0.18,0.00
"20231227","1783",48.30,48.11,48.25,-0.17,-0.15,0.03
"20231228","1783",48.55,48.17,48.27,-0.16,-0.10,0.06
"20231229","1783",48.48,48.22,48.29,-0.14,-0.07,0.07
"20240102","1783",48.73,48.30,48.32,-0.12,-0.02,0.09
"20240103","1783",48.69,48.36,48.35,-0.09,0.01,0.10
"20240104","1783",48.56,48.39,48.37,-0.07,0.02,0.09
"20240105","1783",47.93,48.32,48.33,-0.06,-0.01,0.04
"20240108","1783",47.14,48.14,48.24,-0.07,-0.11,-0.04
"20240109","1783",46.51,47.89,48.12,-0.10,-0.23,-0.13
"20240110","1783",46.03,47.60,47.96,-0.15,-0.36,-0.21
"20240111","1783",45.64,47.30,47.79,-0.22,-0.49,-0.27
"20240112","1783",45.76,47.06,47.64,-0.29,-0.58,-0.29
"20240115","1783",46.19,46.93,47.53,-0.35,-0.61,-0.25
"20240116","1783",45.61,46.72,47.39,-0.42,-0.67,-0.25
"20240117","1783",44.78,46.42,47.20,-0.49,-0.77,-0.29
"20240118","1783",44.69,46.16,47.01,-0.56,-0.85,-0.29
"20240119","1783",44.85,45.96,46.85,-0.63,-0.89,-0.27
"20240122","1783",45.06,45.82,46.72,-0.68,-0.90,-0.22
"20240123","1783",45.34,45.74,46.62,-0.72,-0.87,-0.15
"20240124","1783",45.65,45.73,46.54,-0.74,-0.81,-0.08
"20240125","1783",45.14,45.64,46.44,-0.75,-0.80,-0.05
"20240126","1783",45.28,45.58,46.35,-0.76,-0.77,-0.02
"20240129","1783",45.29,45.54,46.27,-0.75,-0.74,0.01
"20240130","1783",45.24,45.49,46.19,-0.74,-0.70,0.04
"20240131","1783",45.49,45.49,46.14,-0.72,-0.65,0.07
"20240201","1783",45.71,45.53,46.11,-0.69,-0.58,0.11
"20240202","1783",47.55,45.84,46.22,-0.63,-0.38,0.25
"20240205","1783",46.78,45.98,46.26,-0.56,-0.28,0.28
"20240215","1783",46.83,46.11,46.30,-0.49,-0.19,0.30
"20240216","1783",47.88,46.38,46.42,-0.40,-0.03,0.36
"20240219","1783",48.15,46.65,46.54,-0.29,0.11,0.40
"20240220","1783",47.66,46.81,46.63,-0.20,0.18,0.38
"20240221","1783",47.84,46.97,46.72,-0.11,0.25,0.36
"20240222","1783",47.53,47.05,46.78,-0.03,0.28,0.31
"20240223","1783",47.21,47.08,46.81,0.03,0.26,0.23
"20240226","1783",47.74,47.18,46.88,0.08,0.30,0.21
"20240227","1783",47.63,47.25,46.94,0.13,0.31,0.18
"20240229","1783",47.58,47.30,46.98,0.16,0.31,0.15
"20240301","1783",47.30,47.30,47.01,0.19,0.29,0.10
"20240304","1783",46.74,47.21,46.99,0.20,0.22,0.03
"20240305","1783",46.65,47.12,46.96,0.19,0.16,-0.03
"20240306","1783",45.70,46.91,46.87,0.16,0.04,-0.12
"20240307","1783",45.49,46.69,46.77,0.11,-0.08,-0.19
"20240308","1783",44.85,46.40,46.62,0.05,-0.22,-0.27
"20240311","1783",44.81,46.16,46.49,-0.03,-0.33,-0.30
"20240312","1783",45.44,46.05,46.41,-0.10,-0.36,-0.27
"20240313","1783",44.89,45.87,46.30,-0.16,-0.43,-0.27
"20240314","1783",45.36,45.79,46.23,-0.22,-0.44,-0.22
"20240315","1783",45.28,45.71,46.16,-0.26,-0.45,-0.18
"20240318","1783",45.39,45.66,46.10,-0.30,-0.44,-0.14
"20240319","1783",45.06,45.57,46.02,-0.33,-0.45,-0.12
"20240320","1783",44.89,45.47,45.94,-0.36,-0.48,-0.12
"20240321","1783",45.09,45.41,45.88,-0.38,-0.47,-0.09
"20240322","1783",45.10,45.36,45.82,-0.40,-0.46,-0.06
"20240325","1783",45.78,45.42,45.82,-0.40,-0.39,0.00
"20240326","1783",45.58,45.45,45.80,-0.39,-0.35,0.04
"20240327","1783",45.71,45.49,45.79,-0.37,-0.30,0.07
"20240328","1783",45.86,45.55,45.80,-0.35,-0.25,0.10
"20240329","1783",45.68,45.57,45.79,-0.32,-0.22,0.10
"20240401","1783",46.51,45.71,45.84,-0.28,-0.13,0.15
"20240402","1783",46.58,45.85,45.89,-0.24,-0.05,0.19
"20240403","1783",46.11,45.89,45.91,-0.19,-0.02,0.17
"20240408","1783",45.28,45.79,45.86,-0.17,-0.07,0.10
"20240409","1783",45.21,45.70,45.82,-0.16,-0.11,0.05
"20240410","1783",45.95,45.74,45.83,-0.14,-0.08,0.06
"20240411","1783",45.76,45.74,45.82,-0.13,-0.08,0.05
"20240412","1783",45.53,45.71,45.80,-0.12,-0.09,0.03
"20240415","1783",44.81,45.57,45.73,-0.13,-0.15,-0.03
"20240416","1783",43.63,45.27,45.57,-0.16,-0.30,-0.14
"20240417","1783",43.86,45.06,45.44,-0.21,-0.39,-0.18
"20240418","1783",43.99,44.89,45.34,-0.25,-0.45,-0.19
"20240419","1783",42.48,44.52,45.12,-0.32,-0.61,-0.28
"20240422","1783",42.43,44.20,44.92,-0.41,-0.73,-0.32
"20240423","1783",42.76,43.98,44.76,-0.48,-0.79,-0.31
"20240424","1783",43.04,43.83,44.64,-0.55,-0.80,-0.26
"20240425","1783",42.66,43.65,44.49,-0.60,-0.84,-0.23
"20240426","1783",42.39,43.46,44.33,-0.66,-0.88,-0.22
"20240429","1783",42.63,43.33,44.21,-0.70,-0.88,-0.18
"20240430","1783",42.81,43.25,44.10,-0.73,-0.85,-0.12
"20240502","1783",43.01,43.21,44.02,-0.75,-0.81,-0.06
"20240503","1783",43.08,43.19,43.95,-0.75,-0.76,-0.01
"20240506","1783",42.76,43.13,43.87,-0.75,-0.74,0.01
"20240507","1783",42.51,43.03,43.77,-0.75,-0.73,0.01
"20240508","1783",42.55,42.96,43.68,-0.74,-0.72,0.02
"20240509","1783",42.40,42.87,43.58,-0.73,-0.71,0.03
"20240510","1783",43.31,42.94,43.56,-0.71,-0.62,0.09
"20240513","1783",43.48,43.02,43.55,-0.68,-0.53,0.14
"20240514","1783",43.38,43.08,43.54,-0.63,-0.46,0.17
"20240515","1783",43.24,43.10,43.52,-0.59,-0.42,0.17
"20240516","1783",43.20,43.12,43.49,-0.55,-0.38,0.17
"20240517","1783",43.49,43.17,43.49,-0.50,-0.32,0.18
"20240520","1783",43.80,43.27,43.52,-0.45,-0.25,0.20
"20240521","1783",43.53,43.31,43.52,-0.40,-0.21,0.19
"20240522","1783",43.41,43.33,43.51,-0.36,-0.19,0.17
"20240523","1783",42.66,43.22,43.45,-0.33,-0.23,0.11
"20240524","1783",42.31,43.08,43.36,-0.32,-0.28,0.04
"20240527","1783",42.08,42.93,43.27,-0.32,-0.34,-0.02
"20240528","1783",42.39,42.85,43.20,-0.33,-0.36,-0.03
"20240529","1783",42.64,42.81,43.16,-0.34,-0.35,-0.01
"20240530","1783",42.43,42.75,43.11,-0.34,-0.35,-0.02
"20240531","1783",42.35,42.69,43.05,-0.35,-0.37,-0.02
"20240603","1783",42.55,42.67,43.02,-0.35,-0.35,0.00
"20240604","1783",44.85,43.00,43.15,-0.31,-0.15,0.16
"20240605","1783",44.93,43.30,43.28,-0.24,0.02,0.26
"20240606","1783",44.86,43.54,43.40,-0.17,0.14,0.30
"20240607","1783",45.48,43.84,43.55,-0.08,0.28,0.36
"20240611","1783",45.80,44.14,43.72,0.02,0.42,0.40
"20240612","1783",45.11,44.29,43.82,0.11,0.47,0.35
"20240613","1783",44.49,44.32,43.87,0.18,0.45,0.27
"20240614","1783",44.38,44.33,43.91,0.23,0.42,0.19
"20240617","1783",45.05,44.44,43.99,0.27,0.44,0.17
"20240618","1783",46.21,44.71,44.16,0.33,0.55,0.23
"20240619","1783",45.93,44.90,44.29,0.38,0.61,0.23
"20240620","1783",45.99,45.07,44.42,0.44,0.65,0.21
"20240621","1783",46.21,45.24,44.55,0.49,0.69,0.21
"20240624","1783",46.09,45.37,44.66,0.53,0.71,0.18
"20240625","1783",46.10,45.48,44.77,0.57,0.72,0.15
"20240626","1783",46.73,45.68,44.91,0.61,0.76,0.15
"20240627","1783",46.21,45.76,45.01,0.64,0.75,0.11
"20240628","1783",46.18,45.82,45.10,0.65,0.73,0.07
"20240701","1783",49.26,46.35,45.41,0.71,0.94,0.23
"20240702","1783",50.51,46.99,45.79,0.81,1.20,0.40
"20240703","1783",50.63,47.55,46.14,0.93,1.40,0.48
"20240704","1783",49.68,47.88,46.41,1.04,1.47,0.43
"20240705","1783",49.59,48.14,46.64,1.13,1.50,0.37
"20240708","1783",47.39,48.02,46.70,1.17,1.33,0.16
"20240709","1783",44.79,47.53,46.56,1.13,0.97,-0.16
"20240710","1783",45.15,47.16,46.45,1.04,0.71,-0.34
"20240711","1783",45.00,46.83,46.34,0.93,0.48,-0.45
"20240712","1783",45.15,46.57,46.26,0.81,0.31,-0.49
"20240715","1783",45.18,46.36,46.18,0.68,0.18,-0.50
"20240716","1783",44.94,46.14,46.08,0.56,0.05,-0.50
"20240717","1783",44.96,45.96,46.00,0.44,-0.04,-0.48
"20240718","1783",47.29,46.16,46.10,0.36,0.07,-0.30
"20240719","1783",47.29,46.33,46.18,0.32,0.15,-0.17
"20240722","1783",46.58,46.37,46.21,0.29,0.16,-0.13
"20240723","1783",45.65,46.26,46.17,0.25,0.09,-0.16
"20240726","1783",44.34,45.96,46.03,0.18,-0.07,-0.25
"20240729","1783",43.23,45.54,45.82,0.09,-0.28,-0.37
"20240730","1783",43.41,45.21,45.65,-0.01,-0.43,-0.42
"20240731","1783",43.24,44.91,45.47,-0.12,-0.56,-0.44
"20240801","1783",43.66,44.72,45.33,-0.22,-0.62,-0.39
"20240802","1783",42.60,44.39,45.13,-0.32,-0.74,-0.41
"20240805","1783",39.03,43.57,44.68,-0.48,-1.11,-0.63
"20240806","1783",38.59,42.80,44.23,-0.67,-1.43,-0.76
"20240807","1783",40.40,42.43,43.94,-0.84,-1.51,-0.67
"20240808","1783",41.16,42.24,43.74,-0.97,-1.50,-0.53
"20240809","1783",41.94,42.19,43.60,-1.06,-1.41,-0.35
"20240812","1783",42.91,42.30,43.55,-1.10,-1.25,-0.15
"20240813","1783",42.88,42.39,43.50,-1.10,-1.11,-0.01
"20240814","1783",43.18,42.51,43.48,-1.07,-0.97,0.11
"20240815","1783",43.13,42.61,43.45,-1.03,-0.84,0.18
"20240816","1783",43.28,42.71,43.44,-0.97,-0.73,0.24
"20240819","1783",43.65,42.85,43.45,-0.89,-0.60,0.29
"20240820","1783",44.10,43.05,43.50,-0.81,-0.46,0.35
"20240821","1783",44.79,43.31,43.60,-0.70,-0.28,0.42
"20240822","1783",45.45,43.64,43.73,-0.58,-0.09,0.49
"20240823","1783",45.86,43.98,43.89,-0.45,0.09,0.54
"20240826","1783",46.06,44.30,44.05,-0.31,0.25,0.56
"20240827","1783",46.23,44.60,44.21,-0.17,0.39,0.55
"20240828","1783",46.50,44.89,44.38,-0.03,0.51,0.54
"20240829","1783",46.50,45.14,44.54,0.09,0.60,0.51
"20240830","1783",46.63,45.37,44.69,0.21,0.67,0.46
