"sdate","id","RSV9","K9","D9","K3D2","D3K2"
"20200113","1783",18.75,39.58,46.53,25.69,60.42
"20200114","1783",12.50,30.55,41.20,9.25,62.51
"20200115","1783",13.33,24.81,35.74,2.96,57.59
"20200116","1783",11.11,20.24,30.57,-0.42,51.24
"20200117","1783",5.88,15.45,25.53,-4.70,45.69
"20200120","1783",9.52,13.47,21.51,-2.60,37.59
"20200130","1783",4.35,10.43,17.82,-4.35,32.59
"20200131","1783",28.26,16.37,17.34,14.45,19.27
"20200203","1783",12.77,15.17,16.62,12.27,19.51
"20200204","1783",25.00,18.45,17.23,20.88,14.79
"20200205","1783",50.00,28.97,21.14,44.62,5.49
"20200206","1783",61.11,39.68,27.32,64.41,2.60
"20200207","1783",50.00,43.12,32.59,64.19,11.52
"20200210","1783",17.65,34.63,33.27,37.35,30.55
"20200211","1783",20.59,29.95,32.16,25.52,36.59
"20200212","1783",31.03,30.31,31.54,27.85,34.01
"20200213","1783",10.34,23.65,28.91,13.14,39.43
"20200214","1783",19.23,22.18,26.67,13.20,35.64
"20200217","1783",30.77,25.04,26.13,22.87,28.30
"20200218","1783",26.92,25.67,25.98,25.05,26.59
"20200219","1783",58.82,36.72,29.56,51.04,15.24
"20200220","1783",66.67,46.70,35.27,69.56,12.42
"20200221","1783",73.33,55.58,42.04,82.65,14.96
"20200224","1783",82.35,64.50,49.53,94.46,19.58
"20200225","1783",52.94,60.65,53.24,75.47,38.41
"20200226","1783",31.25,50.85,52.44,47.66,55.63
"20200227","1783",5.56,35.75,46.88,13.50,69.13
"20200302","1783",10.00,27.17,40.31,0.88,66.59
"20200303","1783",16.67,23.67,34.76,1.48,56.95
"20200304","1783",6.67,18.00,29.17,-4.34,51.52
"20200305","1783",20.00,18.67,25.67,4.66,39.67
"20200306","1783",56.67,31.34,27.56,38.89,20.00
"20200309","1783",37.84,33.51,29.54,41.43,21.61
"20200310","1783",16.22,27.75,28.94,25.35,31.33
"20200311","1783",2.70,19.40,25.76,6.68,38.48
"20200312","1783",1.25,13.35,21.62,-3.20,38.17
"20200313","1783",0.00,8.90,17.38,-8.06,34.34
"20200316","1783",0.00,5.93,13.56,-9.33,28.83
"20200317","1783",0.00,3.95,10.36,-8.86,23.17
"20200318","1783",0.00,2.63,7.78,-7.67,18.09
"20200319","1783",0.00,1.75,5.77,-6.28,13.81
"20200320","1783",4.64,2.71,4.75,-1.36,8.83
"20200323","1783",5.05,3.49,4.33,1.81,6.01
"20200324","1783",9.04,5.34,4.67,6.69,3.32
"20200325","1783",37.07,15.92,8.42,30.91,-6.58
"20200326","1783",46.55,26.13,14.32,49.74,-9.29
"20200327","1783",84.51,45.59,24.74,87.28,-16.95
"20200330","1783",90.91,60.70,36.73,108.64,-11.22
"20200331","1783",87.50,69.63,47.70,113.50,3.83
"20200401","1783",92.50,77.25,57.55,116.66,18.15
"20200406","1783",94.68,83.06,66.05,117.07,32.04
"20200407","1783",97.75,87.96,73.35,117.17,44.14
"20200408","1783",99.01,91.64,79.45,116.03,55.06
"20200409","1783",82.42,88.57,82.49,100.72,70.33
"20200410","1783",100.00,92.38,85.79,105.57,72.60
"20200413","1783",94.17,92.98,88.19,102.56,78.60
"20200414","1783",100.00,95.32,90.57,104.83,81.06
"20200415","1783",79.41,90.02,90.39,89.28,91.12
"20200416","1783",85.94,88.66,89.81,86.35,92.12
"20200417","1783",77.98,85.10,88.24,78.82,94.52
"20200420","1783",92.24,87.48,87.99,86.47,89.00
"20200421","1783",67.27,80.74,85.57,71.08,95.24
"20200422","1783",58.25,73.24,81.46,56.81,97.90
"20200423","1783",57.32,67.93,76.95,49.90,94.99
"20200424","1783",87.50,74.45,76.12,71.12,79.45
"20200427","1783",95.35,81.42,77.89,88.48,70.82
"20200428","1783",80.21,81.02,78.93,85.18,74.76
"20200429","1783",91.74,84.59,80.82,92.14,73.27
"20200430","1783",88.75,85.98,82.54,92.85,75.66
"20200504","1783",93.92,88.63,84.57,96.74,76.45
"20200505","1783",86.81,88.02,85.72,92.63,81.12
"20200506","1783",74.38,83.47,84.97,80.47,87.97
"20200507","1783",68.42,78.45,82.80,69.77,91.49
"20200508","1783",34.65,63.85,76.48,38.58,101.75
"20200511","1783",24.78,50.83,67.93,16.62,102.13
"20200512","1783",22.12,41.26,59.04,5.70,94.60
"20200513","1783",32.35,38.29,52.12,10.63,79.79
"20200514","1783",10.78,29.12,44.45,-1.54,75.12
"20200515","1783",5.83,21.36,36.75,-9.44,67.54
"20200518","1783",54.37,32.36,35.29,26.51,41.14
"20200519","1783",75.00,46.57,39.05,61.62,24.01
"20200520","1783",61.90,51.68,43.26,68.52,26.42
"20200521","1783",45.24,49.53,45.35,57.90,36.99
"20200522","1783",51.19,50.08,46.93,56.39,40.62
"20200525","1783",85.71,61.96,51.94,82.00,31.90
"20200526","1783",58.24,60.72,54.87,72.43,43.16
"20200527","1783",32.97,51.47,53.74,46.93,58.27
"20200528","1783",16.67,39.87,49.12,21.37,67.61
"20200529","1783",20.00,33.25,43.83,12.08,64.99
"20200601","1783",13.33,26.61,38.09,3.65,61.05
"20200602","1783",10.67,21.30,32.49,-1.10,54.88
"20200603","1783",18.67,20.42,28.47,4.33,44.56
"20200604","1783",88.00,42.95,33.30,62.25,13.99
"20200605","1783",61.67,49.19,38.60,70.37,17.41
"20200608","1783",41.67,46.68,41.29,57.46,30.52
"20200609","1783",45.00,46.12,42.90,52.56,36.46
"20200610","1783",58.33,50.19,45.33,59.91,35.61
"20200611","1783",29.17,43.18,44.61,40.32,47.48
"20200612","1783",35.00,40.45,43.22,34.91,48.77
"20200615","1783",55.75,45.55,44.00,48.66,40.89
"20200616","1783",55.45,48.85,45.62,55.32,39.15
"20200617","1783",100.00,65.90,52.38,92.94,25.34
"20200618","1783",98.90,76.90,60.55,109.59,27.86
"20200619","1783",60.44,71.41,64.17,85.90,49.69
"20200622","1783",58.24,67.02,65.12,70.82,61.32
"20200623","1783",51.65,61.90,64.05,57.60,68.34
"20200624","1783",36.81,53.54,60.55,39.52,74.56
"20200629","1783",29.73,45.60,55.57,25.67,75.50
"20200630","1783",8.66,33.29,48.14,3.58,77.85
"20200701","1783",13.93,26.84,41.04,-1.56,69.44
"20200702","1783",13.11,22.26,34.78,-2.77,59.82
"20200703","1783",9.09,17.87,29.14,-4.68,51.69
"20200706","1783",0.00,11.91,23.40,-11.06,46.37
"20200707","1783",1.28,8.37,18.39,-11.68,38.43
"20200708","1783",58.21,24.98,20.59,33.77,11.80
"20200709","1783",81.03,43.66,28.28,74.43,-2.48
"20200710","1783",35.00,40.77,32.44,57.43,15.79
"20200713","1783",20.00,33.85,32.91,35.72,31.03
"20200714","1783",8.33,25.34,30.39,15.26,40.48
"20200715","1783",4.41,18.36,26.38,2.33,42.42
"20200716","1783",14.71,17.14,23.30,4.82,35.62
"20200717","1783",1.12,11.80,19.47,-3.53,34.80
"20200720","1783",31.82,18.47,19.14,17.14,20.47
"20200721","1783",31.82,22.92,20.40,27.96,15.36
"20200722","1783",39.09,28.31,23.04,38.86,12.49
"20200723","1783",44.58,33.73,26.60,47.99,12.35
"20200724","1783",31.08,32.85,28.68,41.18,20.35
"20200727","1783",1.52,22.41,26.59,14.04,34.95
"20200728","1783",4.35,16.39,23.19,2.79,36.79
"20200729","1783",43.75,25.51,23.96,28.60,20.87
"20200730","1783",52.38,34.47,27.46,48.48,13.45
"20200731","1783",71.43,46.79,33.90,72.56,8.13
"20200803","1783",85.71,59.76,42.52,94.25,8.04
"20200804","1783",85.00,68.17,51.07,102.38,16.87
"20200805","1783",91.38,75.91,59.35,109.02,26.23
"20200806","1783",72.41,74.74,64.48,95.27,43.96
"20200807","1783",63.79,71.09,66.68,79.91,57.87
"20200810","1783",32.08,58.09,63.82,46.63,75.27
"20200811","1783",2.17,39.45,55.70,6.96,88.19
"20200812","1783",14.58,31.16,47.52,-1.56,80.24
"20200813","1783",2.08,21.47,38.84,-13.27,73.57
"20200814","1783",14.29,19.08,32.25,-7.28,58.60
"20200817","1783",18.75,18.97,27.82,1.26,45.53
"20200818","1783",26.32,21.42,25.69,12.88,34.22
"20200819","1783",10.53,17.79,23.06,7.25,33.59
"20200820","1783",2.63,12.74,19.62,-1.03,33.38
"20200821","1783",28.99,18.16,19.13,16.20,21.08
"20200824","1783",31.88,22.73,20.33,27.54,15.53
"20200825","1783",28.99,24.82,21.83,30.80,15.84
"20200826","1783",37.68,29.11,24.26,38.81,14.55
"20200827","1783",31.88,30.03,26.18,37.73,18.49
"20200828","1783",44.93,35.00,29.12,46.75,17.36
"20200831","1783",42.19,37.40,31.88,48.43,20.84
"20200901","1783",40.82,38.54,34.10,47.42,25.22
"20200902","1783",50.00,42.36,36.85,53.37,25.84
"20200903","1783",45.83,43.52,39.07,52.41,30.18
"20200904","1783",44.83,43.96,40.70,50.47,34.18
"20200907","1783",34.48,40.80,40.73,40.94,40.60
"20200908","1783",78.13,53.24,44.90,69.92,28.22
"20200909","1783",68.75,58.41,49.40,76.42,31.39
"20200910","1783",59.38,58.73,52.51,71.17,40.07
"20200911","1783",12.50,43.32,49.45,31.07,61.70
"20200914","1783",34.38,40.34,46.41,28.19,58.56
"20200915","1783",43.75,41.48,44.77,34.90,51.34
"20200916","1783",31.25,38.07,42.54,29.14,51.47
"20200917","1783",17.24,31.13,38.74,15.91,53.95
"20200918","1783",41.38,34.55,37.34,28.96,42.93
"20200921","1783",37.50,35.53,36.74,33.12,39.15
"20200922","1783",29.17,33.41,35.63,28.97,40.07
"20200923","1783",5.26,24.03,31.76,8.56,47.23
"20200924","1783",10.34,19.47,27.66,3.08,44.05
"20200925","1783",10.87,16.60,23.97,1.86,38.72
"20200928","1783",28.26,20.49,22.81,15.84,27.45
"20200929","1783",26.09,22.36,22.66,21.75,23.26
"20200930","1783",48.89,31.20,25.51,42.59,14.12
"20201005","1783",62.22,41.54,30.85,62.92,9.48
"20201006","1783",68.18,50.42,37.37,76.51,11.28
"20201007","1783",59.09,53.31,42.68,74.56,21.43
"20201008","1783",65.71,57.44,47.60,77.13,27.92
"20201012","1783",74.19,63.02,52.74,83.59,32.18
"20201013","1783",48.00,58.01,54.50,65.04,47.47
"20201014","1783",62.50,59.51,56.17,66.18,49.49
"20201015","1783",36.36,51.79,54.71,45.96,60.55
"20201016","1783",40.91,48.16,52.53,39.43,61.26
"20201019","1783",50.00,48.77,51.28,43.76,56.29
"20201020","1783",47.62,48.39,50.32,44.53,54.17
"20201021","1783",52.63,49.80,50.15,49.12,50.84
"20201022","1783",42.11,47.24,49.18,43.35,53.06
"20201023","1783",31.58,42.02,46.79,32.47,56.34
"20201026","1783",6.25,30.10,41.23,7.84,63.48
"20201027","1783",19.05,26.42,36.29,6.66,56.04
"20201028","1783",9.09,20.64,31.07,-0.22,51.94
"20201029","1783",39.13,26.80,29.65,21.11,35.34
"20201030","1783",13.64,22.41,27.24,12.76,36.89
"20201102","1783",27.27,24.03,26.17,19.75,30.45
"20201103","1783",35.00,27.69,26.68,29.71,24.65
"20201104","1783",35.00,30.13,27.83,34.72,23.23
"20201105","1783",61.11,40.46,32.04,57.29,15.20
"20201106","1783",31.25,37.39,33.82,44.52,26.69
"20201109","1783",68.75,47.84,38.49,66.54,19.80
"20201110","1783",69.23,54.97,43.98,76.94,22.01
"20201111","1783",86.36,65.43,51.13,94.04,22.53
"20201112","1783",77.27,69.38,57.21,93.71,32.88
"20201113","1783",100.00,79.59,64.67,109.42,34.83
"20201116","1783",100.00,86.39,71.91,115.36,42.95
"20201117","1783",91.43,88.07,77.30,109.62,55.75
"20201118","1783",100.00,92.05,82.22,111.71,62.55
"20201119","1783",100.00,94.70,86.38,111.34,69.74
"20201120","1783",97.56,95.65,89.47,108.02,77.11
"20201123","1783",93.75,95.02,91.32,102.41,83.92
"20201124","1783",81.25,90.43,91.02,89.24,92.21
"20201125","1783",82.76,87.87,89.97,83.68,94.17
"20201126","1783",77.78,84.51,88.15,77.22,95.43
"20201127","1783",77.78,82.27,86.19,74.42,94.03
"20201130","1783",68.75,77.76,83.38,66.53,94.62
"20201201","1783",27.27,60.93,75.90,31.00,105.83
"20201202","1783",10.00,43.95,65.25,1.36,107.85
"20201203","1783",20.00,35.97,55.49,-3.08,94.53
"20201204","1783",0.00,23.98,44.99,-18.03,87.00
"20201207","1783",32.00,26.65,38.88,2.20,63.33
"20201208","1783",20.00,24.43,34.06,5.17,53.33
"20201209","1783",8.00,18.95,29.02,-1.19,49.17
"20201210","1783",12.00,16.63,24.89,0.12,41.41
"20201211","1783",13.64,15.63,21.80,3.29,34.15
"20201214","1783",4.55,11.94,18.51,-1.22,31.66
"20201215","1783",4.55,9.48,15.50,-2.57,27.54
"20201216","1783",25.00,14.65,15.22,13.52,16.35
"20201217","1783",52.94,27.41,19.28,43.67,3.03
"20201218","1783",60.00,38.27,25.61,63.60,0.29
"20201221","1783",80.00,52.18,34.47,87.61,-0.96
"20201222","1783",80.00,61.45,43.46,97.43,7.49
"20201223","1783",64.71,62.54,49.82,87.97,24.38
"20201224","1783",29.41,51.50,50.38,53.73,48.14
"20201225","1783",23.53,42.18,47.65,31.24,58.58
"20201228","1783",18.75,34.37,43.22,16.66,60.93
"20201229","1783",26.67,31.80,39.41,16.58,54.64
"20201230","1783",33.33,32.31,37.04,22.85,46.51
"20201231","1783",53.33,39.32,37.80,42.35,34.76
"20210104","1783",60.00,46.21,40.60,57.43,29.39
"20210105","1783",53.33,48.58,43.26,59.23,32.62
"20210106","1783",14.29,37.15,41.22,29.00,49.37
"20210107","1783",87.50,53.93,45.46,70.88,28.51
"20210108","1783",66.67,58.18,49.70,75.13,32.74
"20210111","1783",65.63,60.66,53.35,75.28,38.74
"20210112","1783",50.00,57.11,54.60,62.12,49.59
"20210113","1783",65.63,59.95,56.38,67.08,49.25
"20210114","1783",53.13,57.67,56.81,59.40,55.08
"20210115","1783",21.88,45.74,53.12,30.98,67.88
"20210118","1783",14.29,35.26,47.17,11.44,70.98
"20210119","1783",22.86,31.13,41.82,9.73,63.21
"20210120","1783",14.29,25.52,36.39,3.78,58.12
"20210121","1783",8.57,19.87,30.88,-2.16,52.91
"20210122","1783",23.08,20.94,27.57,7.68,40.82
"20210125","1783",34.62,25.50,26.88,22.74,29.64
"20210126","1783",28.00,26.33,26.70,25.60,27.43
"20210127","1783",45.00,32.55,28.65,40.36,20.85
"20210128","1783",57.14,40.75,32.68,56.88,16.55
"20210129","1783",85.71,55.74,40.37,86.48,9.62
"20210201","1783",78.57,63.35,48.03,93.99,17.39
"20210202","1783",78.57,68.42,54.83,95.62,27.64
"20210203","1783",83.33,73.39,61.02,98.14,36.27
"20210204","1783",83.33,76.70,66.25,97.62,45.34
"20210205","1783",93.75,82.38,71.63,103.89,50.12
"20210217","1783",81.25,82.00,75.09,95.83,61.26
"20210218","1783",96.30,86.77,78.98,102.33,63.41
"20210219","1783",76.19,83.24,80.40,88.93,74.72
"20210222","1783",83.93,83.47,81.42,87.56,77.33
"20210223","1783",69.09,78.68,80.51,75.02,84.16
"20210224","1783",49.09,68.82,76.61,53.23,92.20
"20210225","1783",50.91,62.85,72.02,44.50,90.37
"20210226","1783",46.15,57.28,67.11,37.64,86.76
"20210302","1783",30.77,48.44,60.89,23.55,85.78
"20210303","1783",20.83,39.24,53.67,10.37,82.54
"20210304","1783",14.63,31.04,46.13,0.86,76.30
"20210305","1783",53.66,38.58,43.61,28.51,53.68
"20210308","1783",100.00,59.05,48.76,79.64,28.17
"20210309","1783",100.00,72.70,56.74,104.62,24.82
"20210310","1783",95.45,80.28,64.59,111.68,33.20
"20210311","1783",96.36,85.64,71.61,113.71,43.54
"20210312","1783",99.09,90.12,77.78,114.81,53.10
"20210315","1783",97.27,92.50,82.69,112.14,63.06
"20210316","1783",97.20,94.07,86.48,109.23,71.31
"20210317","1783",99.01,95.72,89.56,108.03,77.24
"20210318","1783",98.91,96.78,91.97,106.42,82.34
"20210319","1783",84.38,92.65,92.19,93.55,91.29
"20210322","1783",62.50,82.60,88.99,69.81,101.78
"20210323","1783",100.00,88.40,88.79,87.61,89.58
"20210324","1783",88.10,88.30,88.63,87.64,89.28
"20210325","1783",45.60,74.07,83.78,54.65,103.19
"20210326","1783",38.40,62.18,76.58,33.38,105.38
"20210329","1783",39.20,54.52,69.23,25.11,98.64
"20210330","1783",39.02,49.35,62.60,22.85,89.11
"20210331","1783",51.24,49.98,58.39,33.15,75.22
"20210401","1783",57.85,52.60,56.46,44.89,64.18
"20210406","1783",63.25,56.15,56.36,55.74,56.77
"20210407","1783",57.83,56.71,56.48,57.18,56.01
"20210408","1783",59.72,57.71,56.89,59.36,55.25
"20210409","1783",54.72,56.71,56.83,56.48,57.07
"20210412","1783",77.36,63.59,59.08,72.61,50.07
"20210413","1783",50.75,59.31,59.16,59.61,58.85
"20210414","1783",38.10,52.24,56.85,43.01,66.08
"20210415","1783",73.68,59.39,57.70,62.77,54.31
"20210416","1783",77.19,65.32,60.24,75.49,50.08
"20210419","1783",100.00,76.88,65.79,99.07,43.60
"20210420","1783",66.67,73.48,68.35,83.72,58.10
"20210421","1783",49.33,65.43,67.38,61.54,71.27
"20210422","1783",21.33,50.73,61.83,28.53,84.03
"20210423","1783",22.67,41.38,55.01,14.10,82.28
"20210426","1783",22.67,35.14,48.39,8.65,74.88
"20210427","1783",26.72,32.33,43.04,10.92,64.45
"20210428","1783",16.03,26.90,37.66,5.37,59.18
"20210429","1783",11.45,21.75,32.36,0.54,53.57
"20210503","1783",3.82,15.77,26.83,-6.34,48.95
"20210504","1783",21.54,17.69,23.78,5.51,35.97
"20210505","1783",41.44,25.61,24.39,28.04,21.95
"20210506","1783",43.27,31.50,26.76,40.97,17.28
"20210507","1783",45.19,36.06,29.86,48.47,17.46
"20210510","1783",46.15,39.42,33.05,52.18,20.30
"20210511","1783",52.33,43.72,36.61,57.95,22.38
"20210512","1783",71.84,53.09,42.10,75.07,20.13
"20210513","1783",41.67,49.28,44.49,58.86,34.92
"20210514","1783",13.64,37.40,42.13,27.94,51.58
"20210517","1783",56.20,43.67,42.64,45.71,40.59
"20210518","1783",21.55,36.30,40.53,27.84,48.98
"20210519","1783",8.62,27.07,36.04,9.13,53.99
"20210520","1783",27.59,27.24,33.11,15.51,44.84
"20210521","1783",58.62,37.70,34.64,43.82,28.52
"20210524","1783",74.42,49.94,39.74,70.34,19.34
"20210525","1783",76.74,58.87,46.12,84.39,20.61
"20210526","1783",68.24,61.99,51.41,83.15,30.25
"20210527","1783",61.76,61.91,54.91,75.92,40.91
"20210528","1783",52.94,58.92,56.25,64.27,50.90
"20210531","1783",68.90,62.25,58.25,70.24,50.25
"20210601","1783",59.35,61.28,59.26,65.33,55.22
"20210602","1783",61.29,61.28,59.93,63.98,57.24
"20210603","1783",59.26,60.61,60.16,61.51,59.25
"20210604","1783",47.52,56.25,58.86,51.03,64.07
"20210607","1783",20.62,44.37,54.03,25.06,73.35
"20210608","1783",26.67,38.47,48.84,17.72,69.59
"20210609","1783",21.33,32.76,43.48,11.31,64.92
"20210610","1783",32.00,32.51,39.82,17.88,54.45
"20210611","1783",19.18,28.07,35.90,12.39,51.57
"20210615","1783",15.07,23.74,31.85,7.52,48.06
"20210616","1783",1.37,16.28,26.66,-4.47,47.42
"20210617","1783",4.00,12.19,21.84,-7.11,41.13
"20210618","1783",38.10,20.83,21.50,19.47,22.85
"20210621","1783",47.22,29.63,24.21,40.46,13.37
"20210622","1783",0.00,19.75,22.72,13.81,28.67
"20210623","1783",55.56,31.69,25.71,43.64,13.75
"20210624","1783",86.67,50.02,33.81,82.42,1.40
"20210625","1783",66.04,55.36,40.99,84.09,12.26
"20210628","1783",69.81,60.18,47.39,85.76,21.80
"20210629","1783",75.47,65.28,53.35,89.13,29.50
"20210630","1783",67.33,65.96,57.55,82.78,40.74
"20210701","1783",35.64,55.85,56.98,53.59,59.25
"20210702","1783",36.63,49.44,54.47,39.40,64.52
"20210705","1783",41.58,46.82,51.92,36.62,62.12
"20210706","1783",18.29,37.31,47.05,17.83,66.53
"20210707","1783",24.32,32.98,42.36,14.22,61.12
"20210708","1783",45.95,37.30,40.67,30.56,47.42
"20210709","1783",77.03,50.54,43.96,63.71,30.80
"20210712","1783",59.46,53.51,47.14,66.25,34.41
"20210713","1783",47.25,51.42,48.57,57.14,42.86
"20210714","1783",100.00,67.61,54.92,93.00,29.53
"20210715","1783",89.09,74.77,61.54,101.24,35.07
"20210716","1783",72.81,74.12,65.73,90.88,48.96
"20210719","1783",79.84,76.03,69.16,89.75,55.43
"20210720","1783",100.00,84.02,74.11,103.83,54.30
"20210721","1783",40.78,69.61,72.61,63.60,78.61
"20210722","1783",33.33,57.52,67.58,37.39,87.70
"20210723","1783",33.70,49.58,61.58,25.58,85.58
"20210726","1783",65.22,54.79,59.32,45.74,68.37
"20210727","1783",78.24,62.61,60.42,66.99,56.03
"20210728","1783",100.00,75.07,65.30,94.61,45.77
"20210729","1783",100.00,83.38,71.33,107.49,47.22
"20210730","1783",85.39,84.05,75.57,101.01,58.61
"20210802","1783",87.17,85.09,78.74,97.79,66.05
"20210803","1783",100.00,90.06,82.51,105.15,67.42
"20210804","1783",90.72,90.28,85.10,100.64,74.74
"20210805","1783",100.00,93.52,87.91,104.75,76.68
"20210806","1783",100.00,95.68,90.50,106.04,80.14
"20210809","1783",78.23,89.86,90.29,89.02,91.14
"20210810","1783",54.00,77.91,86.16,61.39,102.67
"20210811","1783",44.92,66.91,79.74,41.25,105.41
"20210812","1783",69.11,67.64,75.71,51.51,91.84
"20210813","1783",77.03,70.77,74.06,64.18,80.65
"20210816","1783",60.19,67.24,71.79,58.16,80.88
"20210817","1783",46.56,60.35,67.98,45.09,83.23
"20210818","1783",22.04,47.58,61.18,20.38,88.38
"20210819","1783",52.69,49.28,57.21,33.42,73.08
"20210820","1783",35.56,44.71,53.04,28.03,69.71
"20210823","1783",37.78,42.40,49.49,28.21,63.68
"20210824","1783",10.92,31.91,43.63,8.47,67.07
"20210825","1783",41.54,35.12,40.79,23.77,52.14
"20210826","1783",27.83,32.69,38.09,21.89,48.89
"20210827","1783",18.18,27.85,34.68,14.21,48.33
"20210830","1783",25.23,26.98,32.11,16.71,42.38
"20210831","1783",18.69,24.22,29.48,13.69,40.00
"20210901","1783",7.48,18.64,25.87,4.18,40.32
"20210902","1783",5.05,14.11,21.95,-1.57,37.63
"20210903","1783",1.01,9.74,17.88,-6.53,34.16
"20210906","1783",17.00,12.16,15.97,4.53,23.60
"20210907","1783",30.30,18.21,16.72,21.19,13.73
"20210908","1783",0.00,12.14,15.19,6.03,21.30
"20210909","1783",22.45,15.58,15.32,16.09,14.80
"20210910","1783",12.00,14.39,15.01,13.14,16.25
"20210913","1783",19.00,15.93,15.32,17.15,14.09
"20210914","1783",22.06,17.97,16.20,21.51,12.67
"20210915","1783",5.56,13.83,15.41,10.67,18.57
"20210916","1783",23.44,17.03,15.95,19.20,13.79
"20210917","1783",14.06,16.04,15.98,16.16,15.86
"20210922","1783",8.97,13.68,15.21,10.62,18.28
"20210923","1783",41.07,22.81,17.74,32.94,7.61
"20210924","1783",50.00,31.87,22.45,50.72,3.61
"20210927","1783",94.67,52.80,32.57,93.27,-7.90
"20210928","1783",56.00,53.87,39.67,82.26,11.27
"20210929","1783",12.00,39.91,39.75,40.24,39.43
"20210930","1783",5.33,28.38,35.96,13.23,51.12
"20211001","1783",1.29,19.35,30.42,-2.80,52.57
"20211004","1783",15.88,18.19,26.34,1.89,42.65
"20211005","1783",33.05,23.14,25.27,18.88,29.54
"20211006","1783",21.89,22.72,24.42,19.33,27.82
"20211007","1783",47.64,31.03,26.62,39.84,17.81
"20211008","1783",34.30,32.12,28.45,39.45,21.12
"20211012","1783",47.37,37.20,31.37,48.87,19.70
"20211013","1783",19.30,31.23,31.32,31.05,31.51
"20211014","1783",23.98,28.81,30.48,25.47,33.83
"20211015","1783",29.76,29.13,30.03,27.32,31.83
"20211018","1783",46.43,34.90,31.65,41.38,25.16
"20211019","1783",38.55,36.12,33.14,42.08,27.18
"20211020","1783",33.73,35.32,33.87,38.24,30.96
"20211021","1783",31.33,33.99,33.91,34.15,33.75
"20211022","1783",8.43,25.47,31.10,14.22,42.35
"20211025","1783",20.00,23.65,28.62,13.71,38.55
"20211026","1783",20.00,22.43,26.56,14.18,34.81
"20211027","1783",30.00,24.95,26.02,22.81,28.17
"20211028","1783",28.00,25.97,26.00,25.90,26.07
"20211029","1783",16.67,22.87,24.96,18.69,29.13
"20211101","1783",46.34,30.69,26.87,38.34,19.23
"20211102","1783",17.07,26.15,26.63,25.19,27.59
"20211103","1783",22.58,24.96,26.07,22.73,28.30
"20211104","1783",29.03,26.32,26.15,26.65,25.82
"20211105","1783",31.03,27.89,26.73,30.21,24.41
"20211108","1783",17.24,24.34,25.93,21.15,29.12
"20211109","1783",100.00,49.56,33.81,81.07,2.30
"20211110","1783",70.91,56.68,41.43,87.16,10.94
"20211111","1783",100.00,71.12,51.33,110.71,11.74
"20211112","1783",88.68,76.97,59.88,111.16,25.69
"20211115","1783",73.45,75.80,65.19,97.02,43.96
"20211116","1783",61.95,71.18,67.19,79.17,59.20
"20211117","1783",63.72,68.69,67.69,70.70,65.69
"20211118","1783",55.75,64.38,66.59,59.96,71.00
"20211119","1783",48.00,58.92,64.03,48.69,74.26
"20211122","1783",58.33,58.72,62.26,51.65,69.34
"20211123","1783",24.10,47.18,57.23,27.07,77.34
"20211124","1783",12.31,35.56,50.01,6.66,78.90
"20211125","1783",44.62,38.58,46.20,23.34,61.44
"20211126","1783",35.48,37.55,43.32,26.01,54.85
"20211129","1783",37.10,37.40,41.35,29.50,49.24
"20211130","1783",61.29,45.36,42.69,50.71,37.34
"20211201","1783",88.71,59.81,48.40,82.64,25.57
"20211202","1783",46.77,55.46,50.75,64.88,41.34
"20211203","1783",54.84,55.25,52.25,61.26,46.25
"20211206","1783",54.84,55.11,53.20,58.93,49.39
"20211207","1783",37.50,49.24,51.88,43.96,57.16
"20211208","1783",59.57,52.68,52.15,53.76,51.08
"20211209","1783",20.45,41.94,48.75,28.32,62.36
"20211210","1783",18.84,34.24,43.91,14.89,63.26
"20211213","1783",2.86,23.78,37.20,-3.06,64.04
"20211214","1783",1.15,16.24,30.21,-11.71,58.16
"20211215","1783",12.50,14.99,25.14,-5.30,45.43
"20211216","1783",3.57,11.18,20.49,-7.42,39.10
"20211217","1783",0.00,7.45,16.14,-9.93,33.53
"20211220","1783",9.89,8.26,13.51,-2.24,24.02
"20211221","1783",12.64,9.72,12.25,4.67,17.30
"20211222","1783",17.54,12.33,12.28,12.43,12.17
"20211223","1783",18.37,14.34,12.97,17.09,10.22
"20211224","1783",21.65,16.78,14.24,21.85,9.16
"20211227","1783",44.00,25.85,18.11,41.34,2.63
"20211228","1783",36.00,29.23,21.82,44.06,6.99
"20211229","1783",40.35,32.94,25.53,47.76,10.70
"20211230","1783",71.93,45.94,32.33,73.15,5.12
"20220103","1783",36.84,42.91,35.86,57.01,21.75
"20220104","1783",43.86,43.23,38.32,53.05,28.49
"20220105","1783",42.86,43.11,39.92,49.49,33.53
"20220106","1783",55.10,47.11,42.32,56.69,32.73
"20220107","1783",15.38,36.53,40.39,28.82,48.11
"20220110","1783",12.50,28.52,36.43,12.69,52.26
"20220111","1783",0.00,19.01,30.62,-4.21,53.85
"20220112","1783",2.08,13.37,24.87,-9.64,47.87
"20220113","1783",4.17,10.30,20.01,-9.12,39.44
"20220114","1783",5.13,8.58,16.20,-6.67,31.44
"20220117","1783",15.38,10.85,14.42,3.71,21.55
"20220118","1783",12.40,11.37,13.40,7.30,17.47
"20220119","1783",0.85,7.86,11.55,0.48,18.94
"20220120","1783",0.93,5.55,9.55,-2.45,17.55
"20220121","1783",3.42,4.84,7.98,-1.44,14.26
"20220124","1783",26.12,11.93,9.30,17.20,4.03
"20220125","1783",3.08,8.98,9.19,8.55,9.62
"20220126","1783",40.15,19.37,12.58,32.94,-0.99
"20220207","1783",43.94,27.56,17.57,47.53,-2.40
"20220208","1783",38.64,31.25,22.13,49.49,3.89
"20220209","1783",72.16,44.89,29.72,75.23,-0.63
"20220210","1783",64.89,51.56,37.00,80.68,7.88
"20220211","1783",65.17,56.10,43.37,81.56,17.90
"20220214","1783",33.71,48.64,45.13,55.66,38.10
"20220215","1783",43.82,47.03,45.76,49.57,43.23
"20220216","1783",46.07,46.71,46.08,47.97,44.81
"20220217","1783",14.29,35.90,42.69,22.33,56.26
"20220218","1783",6.56,26.12,37.17,4.02,59.26
"20220221","1783",24.59,25.61,33.32,10.20,48.73
"20220222","1783",5.19,18.80,28.48,-0.55,47.84
"20220223","1783",9.09,15.56,24.17,-1.66,41.40
"20220224","1783",17.33,16.15,21.50,5.46,32.19
"20220225","1783",21.33,17.88,20.29,13.05,25.12
"20220301","1783",37.33,24.36,21.65,29.80,16.22
"20220302","1783",33.87,27.53,23.61,35.37,15.77
"20220303","1783",59.02,38.03,28.42,57.25,9.19
"20220304","1783",44.26,40.11,32.32,55.69,16.73
"20220307","1783",11.24,30.49,31.71,28.04,34.15
"20220308","1783",11.00,23.99,29.14,13.70,39.43
"20220309","1783",32.32,26.77,28.35,23.60,31.51
"20220310","1783",45.45,33.00,29.90,39.20,23.70
"20220311","1783",29.29,31.76,30.52,34.25,28.04
"20220314","1783",17.17,26.90,29.31,22.07,34.14
"20220315","1783",1.89,18.56,25.73,4.23,40.06
"20220316","1783",7.07,14.73,22.06,0.06,36.73
"20220317","1783",29.41,19.62,21.25,16.38,24.50
"20220318","1783",44.07,27.77,23.42,36.46,14.73
"20220321","1783",74.29,43.28,30.04,69.75,3.56
"20220322","1783",91.20,59.25,39.78,98.20,0.83
"20220323","1783",79.71,66.07,48.54,101.12,13.49
"20220324","1783",71.01,67.72,54.93,93.29,29.36
"20220325","1783",74.64,70.03,59.96,90.15,39.83
"20220328","1783",77.54,72.53,64.15,89.29,47.39
"20220329","1783",76.80,73.95,67.42,87.02,54.35
"20220330","1783",78.15,75.35,70.06,85.92,59.49
"20220331","1783",66.35,72.35,70.82,75.40,67.77
"20220401","1783",37.21,60.64,67.43,47.06,81.00
"20220406","1783",1.72,41.00,58.62,5.76,93.86
"20220407","1783",10.94,30.98,49.41,-5.88,86.26
"20220408","1783",25.00,28.99,42.60,1.76,69.83
"20220411","1783",3.08,20.35,35.18,-9.31,64.85
"20220412","1783",22.54,21.08,30.48,2.28,49.28
"20220413","1783",39.44,27.20,29.39,22.82,33.76
"20220414","1783",78.75,44.38,34.39,64.37,14.40
"20220415","1783",65.43,51.40,40.06,74.07,17.38
"20220418","1783",82.42,61.74,47.29,90.64,18.38
"20220419","1783",60.45,61.31,51.96,80.00,33.27
"20220420","1783",50.00,57.54,53.82,64.98,46.38
"20220421","1783",44.78,53.29,53.64,52.57,54.35
"20220422","1783",56.72,54.43,53.90,55.49,52.85
"20220425","1783",1.36,36.74,48.18,13.86,71.06
"20220426","1783",0.00,24.49,40.28,-7.09,71.87
"20220427","1783",11.54,20.17,33.58,-6.64,60.39
"20220428","1783",8.17,16.17,27.78,-7.04,50.99
"20220429","1783",5.29,12.54,22.70,-7.77,43.02
"20220503","1783",16.57,13.88,19.76,2.13,31.52
"20220504","1783",7.73,11.83,17.12,1.26,27.69
"20220505","1783",9.94,11.20,15.15,3.31,23.04
"20220506","1783",3.10,8.50,12.93,-0.37,21.80
"20220509","1783",2.22,6.41,10.76,-2.29,19.45
"20220510","1783",28.00,13.61,11.71,17.40,7.91
"20220511","1783",20.00,15.74,13.05,21.11,7.68
"20220512","1783",6.25,12.58,12.89,11.95,13.52
"20220513","1783",61.36,28.84,18.21,50.11,-3.06
"20220516","1783",56.82,38.17,24.86,64.77,-1.75
"20220517","1783",70.93,49.09,32.94,81.40,0.63
"20220518","1783",95.12,64.43,43.44,106.43,1.45
"20220519","1783",78.05,68.97,51.95,103.01,17.91
"20220520","1783",67.86,68.60,57.50,90.80,35.30
"20220523","1783",77.38,71.53,62.18,90.23,43.47
"20220524","1783",69.05,70.70,65.02,82.07,53.66
"20220525","1783",61.19,67.53,65.86,70.88,62.51
"20220526","1783",48.57,61.21,64.31,55.01,70.51
"20220527","1783",65.71,62.71,63.78,60.58,65.91
"20220530","1783",87.50,70.97,66.18,80.56,56.59
"20220531","1783",72.22,71.39,67.92,78.33,60.97
"20220601","1783",70.37,71.05,68.96,75.22,64.79
"20220602","1783",85.19,75.76,71.23,84.83,62.16
"20220606","1783",87.50,79.67,74.04,90.93,62.79
"20220607","1783",88.54,82.63,76.90,94.08,65.45
"20220608","1783",79.21,81.49,78.43,87.61,72.31
"20220609","1783",74.19,79.06,78.64,79.89,77.80
"20220610","1783",78.16,78.76,78.68,78.92,78.52
"20220613","1783",48.19,68.57,75.31,55.09,88.79
"20220614","1783",43.37,60.17,70.26,39.99,90.45
"20220615","1783",46.84,55.73,65.42,36.35,84.79
"20220616","1783",37.68,49.71,60.18,28.77,81.13
"20220617","1783",36.23,45.22,55.19,25.27,75.14
"20220620","1783",28.99,39.81,50.06,19.30,70.57
"20220621","1783",71.19,50.27,50.13,50.55,49.85
"20220622","1783",90.24,63.59,54.62,81.55,36.67
"20220623","1783",38.21,55.13,54.79,55.81,54.11
"20220624","1783",26.83,45.70,51.76,33.57,63.88
"20220627","1783",25.23,38.88,47.47,21.70,64.64
"20220628","1783",82.24,53.33,49.42,61.15,41.61
"20220629","1783",100.00,68.89,55.91,94.84,29.95
"20220630","1783",65.87,67.88,59.90,83.85,43.94
"20220701","1783",26.61,54.12,57.97,46.42,65.68
"20220704","1783",5.08,37.77,51.24,10.84,78.17
"20220705","1783",6.25,27.26,43.25,-4.71,75.22
"20220706","1783",13.28,22.60,36.37,-4.93,63.90
"20220707","1783",7.81,17.67,30.14,-7.26,55.07
"20220708","1783",20.31,18.55,26.28,3.10,41.73
"20220711","1783",37.11,24.74,25.77,22.68,27.82
"20220712","1783",23.05,24.18,25.24,22.05,27.36
"20220713","1783",58.51,35.62,28.70,49.47,14.86
"20220714","1783",94.44,55.23,37.54,90.60,2.17
"20220715","1783",68.25,59.57,44.88,88.95,15.51
"20220718","1783",63.49,60.88,50.21,82.21,28.88
"20220719","1783",62.70,61.49,53.97,76.52,38.93
"20220720","1783",26.51,49.83,52.59,44.31,58.11
"20220721","1783",43.37,47.68,50.95,41.13,57.50
"20220722","1783",53.16,49.51,50.47,47.59,52.39
"20220725","1783",61.40,53.47,51.47,57.48,47.47
"20220726","1783",49.12,52.02,51.65,52.76,50.92
"20220727","1783",41.23,48.42,50.57,44.12,54.88
"20220728","1783",35.09,43.98,48.37,35.18,57.16
"20220729","1783",29.82,39.26,45.33,27.12,57.48
"20220801","1783",21.93,33.48,41.38,17.69,57.18
"20220802","1783",1.59,22.85,35.20,-1.86,59.91
"20220803","1783",5.41,17.04,29.15,-7.18,53.36
"20220804","1783",8.55,14.21,24.17,-5.71,44.09
"20220805","1783",17.56,15.33,21.22,3.53,33.01
"20220808","1783",11.40,14.02,18.82,4.42,28.42
"20220809","1783",26.67,18.24,18.63,17.46,19.40
"20220810","1783",28.57,21.68,19.65,25.76,15.58
"20220811","1783",45.28,29.55,22.95,42.74,9.75
"20220812","1783",75.00,44.70,30.20,73.70,1.20
"20220815","1783",77.94,55.78,38.73,89.89,4.62
"20220816","1783",76.14,62.57,46.68,94.35,14.89
"20220817","1783",89.36,71.50,54.95,104.59,21.86
"20220818","1783",74.78,72.59,60.83,96.12,37.31
"20220819","1783",68.70,71.29,64.32,85.24,50.37
"20220822","1783",74.51,72.36,67.00,83.09,56.28
"20220823","1783",57.65,67.46,67.15,68.06,66.54
"20220824","1783",86.30,73.74,69.35,82.53,60.56
"20220825","1783",83.56,77.01,71.90,87.23,61.69
"20220826","1783",80.30,78.11,73.97,86.38,65.69
"20220829","1783",16.95,57.72,68.55,36.06,90.22
"20220830","1783",67.80,61.08,66.06,51.12,76.02
"20220831","1783",100.00,74.05,68.72,84.71,58.07
"20220901","1783",46.81,64.97,67.47,59.97,72.47
"20220902","1783",76.43,68.79,67.91,70.55,66.15
"20220905","1783",65.41,67.66,67.83,67.33,68.16
"20220906","1783",17.84,51.05,62.24,28.68,84.61
"20220907","1783",25.41,42.50,55.66,16.18,81.98
"20220908","1783",36.22,40.41,50.58,20.07,70.91
"20220912","1783",56.90,45.91,49.02,39.67,55.25
"20220913","1783",63.58,51.80,49.95,55.51,46.24
"20220914","1783",54.94,52.85,50.92,56.71,47.05
"20220915","1783",48.15,51.28,51.04,51.77,50.56
"20220916","1783",33.33,45.30,49.13,37.64,56.78
"20220919","1783",16.90,35.83,44.70,18.11,62.43
"20220920","1783",19.72,30.46,39.95,11.47,58.94
"20220921","1783",6.34,22.42,34.11,-0.95,57.48
"20220922","1783",14.29,19.71,29.31,0.51,48.51
"20220923","1783",2.04,13.82,24.15,-6.83,44.80
"20220926","1783",0.00,9.21,19.17,-10.70,39.09
"20220927","1783",10.76,9.73,16.02,-2.86,28.61
"20220928","1783",3.05,7.50,13.18,-3.86,24.54
"20220929","1783",21.89,12.30,12.89,11.12,14.06
"20220930","1783",22.86,15.82,13.87,19.72,9.96
"20221003","1783",13.57,15.07,14.27,16.67,12.67
"20221004","1783",32.14,20.76,16.43,29.42,7.78
"20221005","1783",22.86,21.46,18.11,28.16,11.40
"20221006","1783",42.27,28.40,21.54,42.11,7.82
"20221007","1783",45.07,33.96,25.68,50.51,9.12
"20221011","1783",7.35,25.09,25.48,24.31,26.27
"20221012","1783",12.50,20.89,23.95,14.78,30.07
"20221013","1783",10.07,17.28,21.73,8.40,30.62
"20221014","1783",24.46,19.67,21.04,16.93,23.79
"20221017","1783",25.17,21.50,21.19,22.12,20.58
"20221018","1783",30.07,24.36,22.25,28.58,18.02
"20221019","1783",25.17,24.63,23.04,27.81,19.87
"20221020","1783",13.99,21.08,22.39,18.47,25.00
"20221021","1783",8.93,17.03,20.60,9.88,27.75
"20221024","1783",12.77,15.61,18.94,8.95,25.59
"20221025","1783",7.32,12.85,16.91,4.72,25.03
"20221026","1783",42.11,22.60,18.81,30.19,11.22
"20221027","1783",93.55,46.25,27.96,82.84,-8.63
"20221028","1783",60.66,51.05,35.66,81.84,4.87
"20221031","1783",93.65,65.25,45.52,104.70,6.07
"20221101","1783",96.97,75.82,55.62,116.23,15.22
"20221102","1783",83.64,78.43,63.22,108.83,32.81
"20221103","1783",100.00,85.62,70.69,115.49,40.82
"20221104","1783",100.00,90.41,77.26,116.71,50.97
"20221107","1783",89.66,90.16,81.56,107.36,64.36
"20221108","1783",85.45,88.59,83.90,97.97,74.53
"20221109","1783",89.42,88.87,85.56,95.49,78.93
"20221110","1783",100.00,92.58,87.90,101.94,78.54
"20221111","1783",15.66,66.94,80.91,39.00,108.86
"20221114","1783",41.25,58.38,73.40,28.33,103.44
"20221115","1783",43.75,53.50,66.77,26.97,93.30
"20221116","1783",36.25,47.75,60.43,22.39,85.79
"20221117","1783",68.75,54.75,58.54,47.18,66.11
"20221118","1783",73.75,61.08,59.39,64.47,56.00
"20221121","1783",97.85,73.34,64.04,91.93,45.44
"20221122","1783",57.14,67.94,65.34,73.14,60.14
"20221123","1783",83.93,73.27,67.98,83.84,57.41
"20221124","1783",61.90,69.48,68.48,71.48,66.48
"20221125","1783",60.87,66.61,67.86,64.12,70.35
"20221128","1783",88.35,73.86,69.86,81.85,61.86
"20221129","1783",80.00,75.91,71.88,83.97,63.81
"20221130","1783",76.25,76.02,73.26,81.55,67.74
"20221201","1783",86.49,79.51,75.34,87.84,67.01
"20221202","1783",88.89,82.64,77.77,92.36,68.04
"20221205","1783",66.67,77.32,77.62,76.71,78.22
"20221206","1783",82.58,79.07,78.10,81.01,76.17
"20221207","1783",76.77,78.30,78.17,78.58,77.90
"20221208","1783",70.55,75.72,77.35,72.44,80.62
"20221209","1783",53.44,68.29,74.33,56.21,86.41
"20221212","1783",72.73,69.77,72.81,63.69,78.89
"20221213","1783",69.29,69.61,71.74,65.34,76.01
"20221214","1783",77.78,72.33,71.94,73.12,71.15
"20221215","1783",44.90,63.19,69.02,51.51,80.69
"20221216","1783",28.57,51.65,63.23,28.49,86.39
"20221219","1783",44.90,49.40,58.62,30.96,77.06
"20221220","1783",18.37,39.06,52.10,12.97,78.18
"20221221","1783",59.18,45.77,49.99,37.33,58.43
"20221222","1783",99.02,63.52,54.50,81.56,36.46
"20221223","1783",100.00,75.68,61.56,103.92,33.32
"20221226","1783",71.98,74.45,65.86,91.63,48.67
"20221227","1783",69.08,72.66,68.13,81.73,59.06
"20221228","1783",45.89,63.74,66.67,57.88,72.52
"20221229","1783",32.85,53.44,62.26,35.81,79.90
"20221230","1783",32.85,46.58,57.03,25.67,77.94
"20230103","1783",0.00,31.05,48.37,-3.58,83.01
"20230104","1783",0.49,20.86,39.20,-15.82,75.88
"20230105","1783",16.02,19.25,32.55,-7.36,59.15
"20230106","1783",17.48,18.66,27.92,0.14,46.44
"20230109","1783",46.79,28.04,27.96,28.20,27.80
"20230110","1783",34.62,30.23,28.72,33.26,25.69
"20230111","1783",74.23,44.90,34.11,66.46,12.54
"20230112","1783",77.01,55.60,41.27,84.26,12.62
"20230113","1783",93.06,68.09,50.21,103.84,14.45
"20230116","1783",83.78,73.32,57.91,104.14,27.10
"20230117","1783",70.95,72.53,62.78,92.02,43.29
"20230130","1783",57.63,67.56,64.37,73.94,58.00
"20230131","1783",95.08,76.73,68.49,93.22,52.01
"20230201","1783",86.32,79.93,72.30,95.18,57.05
"20230202","1783",84.96,81.61,75.40,94.02,62.99
"20230203","1783",100.00,87.74,79.51,104.19,63.06
"20230206","1783",76.92,84.13,81.05,90.30,74.89
"20230207","1783",90.51,86.26,82.79,93.20,75.84
"20230208","1783",79.75,84.09,83.22,85.82,81.49
"20230209","1783",69.62,79.27,81.90,74.00,87.17
"20230210","1783",56.86,71.80,78.53,58.34,92.00
"20230213","1783",48.09,63.90,73.65,44.39,93.16
"20230214","1783",56.69,61.50,69.60,45.29,85.80
"20230215","1783",27.63,50.21,63.14,24.36,88.99
"20230216","1783",25.00,41.81,56.03,13.36,84.47
"20230217","1783",30.26,37.96,50.01,13.87,74.10
"20230220","1783",80.88,52.27,50.76,55.28,47.75
"20230221","1783",69.12,57.89,53.14,67.39,43.63
"20230222","1783",77.01,64.26,56.85,79.10,42.02
"20230223","1783",63.22,63.91,59.20,73.33,49.79
"20230224","1783",40.23,56.02,58.14,51.77,62.38
"20230301","1783",43.24,51.76,56.01,43.26,64.52
"20230302","1783",71.23,58.25,56.76,61.24,53.77
"20230303","1783",73.74,63.41,58.98,72.28,50.11
"20230306","1783",8.79,45.20,54.39,26.84,72.76
"20230307","1783",7.62,32.67,47.15,3.72,76.11
"20230308","1783",9.52,24.95,39.75,-4.64,69.35
"20230309","1783",1.90,17.27,32.26,-12.71,62.23
"20230310","1783",1.64,12.06,25.53,-14.87,52.46
"20230313","1783",13.57,12.56,21.21,-4.72,38.50
"20230314","1783",6.43,10.52,17.65,-3.74,31.90
"20230315","1783",6.43,9.16,14.82,-2.17,26.14
"20230316","1783",9.65,9.32,12.99,1.99,20.32
"20230317","1783",13.92,10.85,12.28,8.01,15.13
"20230320","1783",11.27,10.99,11.85,9.27,13.57
"20230321","1783",31.34,17.77,13.82,25.67,5.93
"20230322","1783",32.26,22.60,16.75,34.31,5.04
"20230323","1783",62.75,35.98,23.16,61.62,-2.48
"20230324","1783",62.75,44.90,30.41,73.89,1.42
"20230327","1783",83.33,57.71,39.51,94.11,3.11
"20230328","1783",45.24,53.55,44.19,72.28,25.47
"20230329","1783",80.49,62.53,50.30,86.98,25.85
"20230330","1783",68.29,64.45,55.02,83.32,36.15
"20230331","1783",68.57,65.82,58.62,80.23,44.22
"20230406","1783",80.00,70.55,62.60,86.45,46.69
"20230407","1783",80.00,73.70,66.30,88.50,51.50
"20230410","1783",64.71,70.70,67.77,76.57,61.90
"20230411","1783",44.12,61.84,65.79,53.93,73.70
"20230412","1783",82.35,68.68,66.75,72.53,62.90
"20230413","1783",59.26,65.54,66.35,63.93,67.96
"20230414","1783",55.56,62.21,64.97,56.69,70.49
"20230417","1783",90.24,71.55,67.16,80.33,58.39
"20230418","1783",65.12,69.41,67.91,72.40,64.91
"20230419","1783",81.71,73.51,69.78,80.97,62.31
"20230420","1783",35.83,60.95,66.84,49.18,78.61
"20230421","1783",22.50,48.13,60.60,23.19,85.55
"20230424","1783",49.17,48.48,56.56,32.31,72.72
"20230425","1783",30.70,42.55,51.89,23.88,70.57
"20230426","1783",24.32,36.47,46.75,15.92,67.31
"20230427","1783",31.19,34.71,42.74,18.66,58.79
"20230428","1783",41.84,37.09,40.86,29.55,48.39
"20230502","1783",70.41,48.20,43.31,57.98,33.52
"20230503","1783",55.10,50.50,45.71,60.09,36.12
"20230504","1783",100.00,67.00,52.81,95.39,24.42
"20230505","1783",79.65,71.22,58.95,95.76,34.40
"20230508","1783",73.84,72.09,63.33,89.62,45.81
"20230509","1783",55.81,66.66,64.44,71.11,60.00
"20230510","1783",53.53,62.28,63.72,59.41,66.60
"20230511","1783",23.49,49.35,58.93,30.19,78.09
"20230512","1783",5.47,34.72,50.86,2.45,83.14
"20230515","1783",10.76,26.73,42.82,-5.44,74.99
"20230516","1783",10.76,21.41,35.68,-7.14,64.23
"20230517","1783",12.66,18.49,29.95,-4.42,52.87
"20230518","1783",14.29,17.09,25.66,-0.06,42.81
"20230519","1783",4.10,12.76,21.36,-4.44,38.56
"20230522","1783",11.49,12.34,18.35,0.31,30.38
"20230523","1783",33.33,19.34,18.68,20.65,17.36
"20230524","1783",32.61,23.76,20.37,30.54,13.60
"20230525","1783",8.33,18.62,19.79,16.28,22.12
"20230526","1783",0.00,12.41,17.33,2.58,27.17
"20230529","1783",16.18,13.67,16.11,8.78,20.99
"20230530","1783",4.76,10.70,14.31,3.49,21.52
"20230531","1783",20.63,14.01,14.21,13.61,14.61
"20230601","1783",30.16,19.39,15.94,26.30,9.03
"20230602","1783",31.75,23.51,18.46,33.60,8.37
"20230605","1783",37.93,28.32,21.75,41.46,8.60
"20230606","1783",36.00,30.88,24.79,43.05,12.62
"20230607","1783",79.49,47.08,32.22,76.81,2.50
"20230608","1783",61.76,51.97,38.80,78.31,12.47
"20230609","1783",84.85,62.93,46.84,95.10,14.67
"20230612","1783",29.03,51.63,48.44,58.02,42.05
"20230613","1783",15.38,39.55,45.48,27.69,57.33
"20230614","1783",7.69,28.93,39.96,6.87,62.03
"20230615","1783",26.92,28.26,36.06,12.66,51.66
"20230616","1783",85.29,47.27,39.80,62.22,24.85
"20230619","1783",75.00,56.51,45.37,78.80,23.09
"20230620","1783",87.76,66.93,52.56,95.67,23.81
"20230621","1783",71.43,68.43,57.85,89.59,36.69
"20230626","1783",51.02,62.63,59.44,69.00,53.07
"20230627","1783",100.00,75.09,64.66,95.95,43.79
"20230628","1783",63.10,71.09,66.80,79.67,58.23
"20230629","1783",79.76,73.98,69.19,83.55,59.62
"20230630","1783",80.26,76.07,71.48,85.25,62.31
"20230703","1783",90.16,80.77,74.58,93.15,62.19
"20230704","1783",71.95,77.83,75.66,82.16,71.33
"20230705","1783",60.98,72.21,74.51,67.61,79.11
"20230706","1783",65.85,70.09,73.04,64.20,78.93
"20230707","1783",66.67,68.95,71.68,63.49,77.13
"20230710","1783",44.83,60.91,68.09,46.55,82.45
"20230711","1783",12.00,44.61,60.26,13.30,91.57
"20230712","1783",0.00,29.74,50.09,-10.95,90.78
"20230713","1783",1.30,20.26,40.15,-19.51,79.92
"20230714","1783",15.85,18.79,33.03,-9.69,61.51
"20230717","1783",38.36,25.31,30.46,15.02,40.75
"20230718","1783",0.00,16.87,25.93,-1.24,44.05
"20230719","1783",49.23,27.66,26.51,29.96,24.20
"20230720","1783",49.23,34.85,29.29,45.97,18.17
"20230721","1783",22.03,30.58,29.72,32.30,28.00
"20230724","1783",17.02,26.06,28.50,21.18,33.38
"20230725","1783",57.45,36.52,31.17,47.22,20.48
"20230726","1783",21.28,31.44,31.26,31.80,30.90
"20230727","1783",100.00,54.29,38.94,85.00,8.23
"20230728","1783",64.29,57.62,45.17,82.53,20.26
"20230731","1783",35.44,50.23,46.86,56.97,40.11
"20230801","1783",58.23,52.90,48.87,60.94,40.82
"20230802","1783",32.91,46.24,47.99,42.73,51.50
"20230804","1783",30.38,40.95,45.64,31.57,55.03
"20230807","1783",29.49,37.13,42.80,25.78,54.15
"20230808","1783",14.10,29.45,38.35,11.66,56.15
"20230809","1783",9.33,22.74,33.15,1.94,53.96
"20230810","1783",4.00,16.49,27.60,-5.72,49.81
"20230811","1783",1.64,11.54,22.25,-9.87,43.66
"20230814","1783",1.18,8.09,17.53,-10.80,36.41
"20230815","1783",7.50,7.89,14.32,-4.96,27.17
"20230816","1783",23.61,13.13,13.92,11.54,15.51
"20230817","1783",33.80,20.02,15.95,28.16,7.82
"20230818","1783",19.72,19.92,17.27,25.21,11.98
"20230821","1783",22.22,20.69,18.41,25.24,13.85
"20230822","1783",1.52,14.30,17.04,8.82,22.52
"20230823","1783",5.71,11.44,15.17,3.97,22.64
"20230824","1783",27.78,16.89,15.74,19.17,13.45
"20230825","1783",40.00,24.59,18.69,36.40,6.89
"20230828","1783",17.78,22.32,19.90,27.16,15.06
"20230829","1783",53.33,32.66,24.15,49.67,7.14
"20230830","1783",82.22,49.18,32.49,82.56,-0.88
"20230831","1783",90.48,62.95,42.64,103.55,2.03
"20230901","1783",95.83,73.91,53.06,115.61,11.37
"20230904","1783",89.80,79.21,61.78,114.07,26.91
"20230905","1783",90.00,82.81,68.79,110.84,40.75
"20230906","1783",86.00,83.87,73.82,103.98,53.71
"20230907","1783",26.00,64.58,70.74,52.26,83.06
"20230908","1783",4.44,44.53,62.00,9.59,96.95
"20230911","1783",0.00,29.69,51.23,-13.40,94.31
"20230912","1783",2.08,20.49,40.98,-20.50,81.97
"20230913","1783",10.42,17.13,33.03,-14.66,64.83
"20230914","1783",35.42,23.23,29.76,10.15,42.83
"20230915","1783",52.08,32.85,30.79,36.96,26.67
"20230918","1783",56.52,40.74,34.11,54.01,20.84
"20230919","1783",51.61,44.36,37.53,58.04,23.86
"20230920","1783",38.71,42.48,39.18,49.07,32.58
"20230921","1783",19.35,34.77,37.71,28.89,43.59
"20230922","1783",41.94,37.16,37.53,36.42,38.26
"20230925","1783",76.67,50.33,41.80,67.39,24.73
"20230926","1783",51.85,50.84,44.81,62.89,32.76
"20230927","1783",70.37,57.35,48.99,74.07,32.27
"20230928","1783",75.86,63.52,53.83,82.89,34.46
"20231002","1783",96.67,74.57,60.74,102.22,33.09
"20231003","1783",70.00,73.05,64.84,89.46,48.43
"20231004","1783",43.33,63.14,64.27,60.88,66.54
"20231005","1783",50.00,58.76,62.43,51.41,69.78
"20231006","1783",54.55,57.36,60.74,50.59,67.50
"20231011","1783",1.49,38.74,53.41,9.40,82.74
"20231012","1783",9.64,29.04,45.29,-3.45,77.78
"20231013","1783",1.17,19.75,36.78,-14.30,70.83
"20231016","1783",3.91,14.47,29.34,-15.27,59.09
"20231017","1783",5.22,11.39,23.36,-12.55,47.29
"20231018","1783",1.26,8.01,18.24,-12.45,38.71
"20231019","1783",7.14,7.72,14.73,-6.30,28.76
"20231020","1783",4.17,6.54,12.00,-4.39,22.92
"20231023","1783",10.34,7.81,10.60,2.22,16.19
"20231024","1783",14.66,10.09,10.43,9.41,11.11
"20231025","1783",34.04,18.07,12.98,28.27,2.79
"20231026","1783",23.61,19.92,15.29,29.17,6.04
"20231027","1783",88.14,42.66,24.41,79.15,-12.08
"20231030","1783",66.67,50.66,33.16,85.67,-1.84
"20231031","1783",21.67,41.00,35.77,51.44,25.32
"20231101","1783",20.00,34.00,35.18,31.64,37.54
"20231102","1783",39.29,35.76,35.37,36.54,34.60
"20231103","1783",50.00,40.51,37.08,47.36,30.23
"20231106","1783",60.71,47.24,40.47,60.80,26.92
"20231107","1783",76.79,57.09,46.01,79.25,23.85
"20231108","1783",85.71,66.63,52.88,94.13,25.39
"20231109","1783",16.07,49.78,51.85,45.64,55.98
"20231110","1783",3.70,34.42,46.04,11.18,69.28
"20231113","1783",14.81,27.88,39.99,3.68,64.20
"20231114","1783",16.42,24.06,34.68,2.82,55.92
"20231115","1783",34.33,27.48,32.28,17.89,41.88
"20231116","1783",32.84,29.27,31.28,25.25,35.29
"20231117","1783",44.78,34.44,32.33,38.65,28.12
"20231120","1783",64.18,44.35,36.34,60.38,20.31
"20231121","1783",86.79,58.50,43.73,88.04,14.18
"20231122","1783",74.55,63.85,50.44,90.67,23.61
"20231123","1783",87.88,71.86,57.58,100.42,29.02
"20231124","1783",74.24,72.65,62.60,92.75,42.51
"20231127","1783",64.56,69.95,65.05,79.76,55.25
"20231128","1783",45.95,61.95,64.02,57.81,68.15
"20231129","1783",54.05,59.32,62.45,53.05,68.72
"20231130","1783",40.00,52.88,59.26,40.12,72.02
"20231201","1783",58.46,54.74,57.75,48.71,63.78
"20231204","1783",66.00,58.49,58.00,59.48,57.01
"20231205","1783",42.86,53.28,56.43,46.98,62.72
"20231206","1783",15.56,40.71,51.19,19.74,72.15
"20231207","1783",0.00,27.14,43.17,-4.93,75.24
"20231208","1783",6.52,20.27,35.54,-10.27,66.07
"20231211","1783",8.70,16.41,29.16,-9.09,54.67
"20231212","1783",7.69,13.50,23.94,-7.37,44.82
"20231213","1783",3.85,10.28,19.39,-7.93,37.60
"20231214","1783",17.31,12.62,17.13,3.60,26.16
"20231215","1783",46.15,23.80,19.35,32.69,10.46
"20231218","1783",39.53,29.04,22.58,41.97,9.66
"20231219","1783",21.88,26.65,23.94,32.08,18.51
"20231220","1783",28.13,27.14,25.01,31.41,20.74
"20231221","1783",40.63,31.63,27.22,40.47,18.38
"20231222","1783",34.38,32.54,28.99,39.64,21.89
"20231225","1783",12.50,25.86,27.95,21.69,32.12
"20231226","1783",23.33,25.02,26.97,21.11,30.88
"20231227","1783",50.00,33.35,29.10,41.85,20.59
"20231228","1783",73.33,46.68,34.96,70.11,11.52
"20231229","1783",62.07,51.81,40.58,74.28,18.11
"20240102","1783",58.33,53.98,45.05,71.86,27.18
"20240103","1783",48.72,52.23,47.44,61.79,37.87
"20240104","1783",51.28,51.91,48.93,57.88,42.97
"20240105","1783",12.82,38.88,45.58,25.48,58.98
"20240108","1783",7.55,28.44,39.87,5.58,62.72
"20240109","1783",1.56,19.48,33.07,-7.70,60.26
"20240110","1783",1.33,13.43,26.52,-12.75,52.71
"20240111","1783",5.00,10.62,21.22,-10.58,42.42
"20240112","1783",6.25,9.16,17.20,-6.91,33.28
"20240115","1783",16.25,11.52,15.31,3.95,22.88
"20240116","1783",1.39,8.14,12.92,-1.41,22.48
"20240117","1783",0.00,5.43,10.42,-4.56,20.41
"20240118","1783",5.80,5.55,8.80,-0.94,15.29
"20240119","1783",13.79,8.30,8.63,7.63,9.30
"20240122","1783",28.85,15.15,10.80,23.84,2.11
"20240123","1783",44.90,25.07,15.56,44.09,-3.47
"20240124","1783",55.10,35.08,22.07,61.11,-3.96
"20240125","1783",28.57,32.91,25.68,47.36,11.23
"20240126","1783",37.21,34.34,28.57,45.89,17.02
"20240129","1783",65.63,44.77,33.97,66.37,12.37
"20240130","1783",56.25,48.60,38.85,68.10,19.34
"20240131","1783",70.37,55.86,44.52,78.53,21.84
"20240201","1783",74.07,61.93,50.32,85.15,27.11
"20240202","1783",61.54,61.80,54.15,77.11,38.84
"20240205","1783",42.11,55.24,54.51,56.68,53.06
"20240215","1783",52.63,54.37,54.46,54.18,54.65
"20240216","1783",77.63,62.12,57.01,72.34,46.80
"20240219","1783",80.26,68.17,60.73,83.04,45.85
"20240220","1783",68.42,68.25,63.24,78.29,53.21
"20240221","1783",69.44,68.65,65.04,75.86,57.83
"20240222","1783",63.38,66.89,65.66,69.36,63.19
"20240226","1783",76.00,69.93,67.08,75.62,61.39
"20240227","1783",64.00,67.95,67.37,69.12,66.21
"20240229","1783",46.88,60.93,65.22,52.33,73.81
"20240301","1783",18.75,46.87,59.10,22.40,83.57
"20240304","1783",2.94,32.23,50.14,-3.60,85.97
"20240305","1783",2.70,22.39,40.89,-14.62,77.89
"20240306","1783",0.00,14.93,32.24,-19.69,66.85
"20240307","1783",11.48,13.78,26.09,-10.84,50.70
"20240308","1783",8.22,11.93,21.37,-6.96,40.25
"20240311","1783",8.22,10.69,17.81,-3.54,32.05
"20240312","1783",34.78,18.72,18.11,19.94,16.90
"20240313","1783",9.38,15.61,17.27,12.27,20.61
"20240314","1783",43.10,24.77,19.77,34.78,9.77
"20240315","1783",25.86,25.13,21.56,32.29,14.41
"20240318","1783",63.16,37.81,26.98,59.47,5.31
"20240319","1783",32.26,35.96,29.97,47.93,18.00
"20240320","1783",40.00,37.31,32.42,47.09,22.63
"20240321","1783",39.13,37.92,34.25,45.25,26.92
"20240322","1783",43.48,39.77,36.09,47.14,28.73
"20240325","1783",77.78,52.44,41.54,74.24,19.74
"20240326","1783",47.22,50.70,44.59,62.92,32.38
"20240327","1783",70.59,57.33,48.84,74.32,31.85
"20240328","1783",62.86,59.17,52.28,72.95,38.51
"20240329","1783",62.86,60.40,54.99,71.22,44.16
"20240401","1783",73.58,64.79,58.26,77.87,45.19
"20240402","1783",52.83,60.80,59.11,64.19,55.72
"20240403","1783",41.51,54.37,57.53,48.05,63.85
"20240408","1783",15.09,41.28,52.11,19.61,73.78
"20240409","1783",9.43,30.66,44.96,2.07,73.56
"20240410","1783",45.28,35.53,41.82,22.97,54.39
"20240411","1783",30.19,33.75,39.13,22.99,49.89
"20240412","1783",18.87,28.79,35.68,15.00,49.47
"20240415","1783",0.00,19.19,30.18,-2.79,52.17
"20240416","1783",2.33,13.57,24.64,-8.58,46.79
"20240417","1783",22.06,16.40,21.89,5.41,32.88
"20240418","1783",23.33,18.71,20.83,14.47,25.07
"20240419","1783",5.62,14.35,18.67,5.70,27.31
"20240422","1783",12.36,13.69,17.01,7.04,23.65
"20240423","1783",23.26,16.88,16.97,16.70,17.14
"20240424","1783",28.57,20.78,18.24,25.85,13.16
"20240425","1783",18.42,19.99,18.82,22.33,16.49
"20240426","1783",16.36,18.78,18.81,18.73,18.86
"20240429","1783",32.00,23.19,20.27,29.02,14.43
"20240430","1783",44.00,30.13,23.56,43.27,10.41
"20240502","1783",54.55,38.27,28.46,57.88,8.85
"20240503","1783",54.84,43.79,33.57,64.24,13.13
"20240506","1783",40.74,42.77,36.64,55.05,24.37
"20240507","1783",20.69,35.41,36.23,33.77,37.87
"20240508","1783",40.00,36.94,36.47,37.89,35.52
"20240509","1783",13.33,29.07,34.00,19.21,43.87
"20240510","1783",74.29,44.14,37.38,57.66,23.86
"20240513","1783",82.86,57.05,43.94,83.27,17.71
"20240514","1783",61.11,58.40,48.76,77.69,29.48
"20240515","1783",61.11,59.30,52.27,73.36,38.22
"20240516","1783",58.33,58.98,54.51,67.92,45.56
"20240517","1783",83.33,67.10,58.71,83.88,41.92
"20240520","1783",87.18,73.79,63.74,93.90,43.63
"20240521","1783",62.86,70.15,65.88,78.69,57.33
"20240522","1783",51.72,64.01,65.26,61.51,67.75
"20240523","1783",0.00,42.67,57.73,12.56,87.85
"20240524","1783",17.07,34.14,49.87,2.68,81.32
"20240527","1783",0.00,22.76,40.83,-13.39,76.98
"20240528","1783",30.23,25.25,35.64,4.48,56.41
"20240529","1783",32.56,27.69,32.99,17.08,43.59
"20240530","1783",13.95,23.11,29.70,9.94,42.87
"20240531","1783",16.67,20.96,26.79,9.31,38.44
"20240603","1783",40.00,27.31,26.96,28.00,26.27
"20240604","1783",52.17,35.60,29.84,47.12,18.32
"20240605","1783",65.22,45.47,35.05,66.32,14.21
"20240606","1783",65.22,52.05,40.72,74.72,18.05
"20240607","1783",80.43,61.51,47.65,89.23,19.93
"20240611","1783",81.40,68.14,54.48,95.46,27.16
"20240612","1783",60.47,65.58,58.18,80.38,43.38
"20240613","1783",47.06,59.41,58.59,61.04,56.95
"20240614","1783",46.43,55.08,57.42,50.41,62.10
"20240617","1783",44.44,51.53,55.46,43.69,63.31
"20240618","1783",82.35,61.80,57.57,70.26,49.12
"20240619","1783",56.86,60.15,58.43,63.60,54.99
"20240620","1783",66.67,62.32,59.73,67.51,54.54
"20240621","1783",80.39,68.34,62.60,79.83,51.12
"20240624","1783",70.59,69.09,64.76,77.74,56.11
"20240625","1783",76.47,71.55,67.02,80.60,57.97
"20240626","1783",89.66,77.59,70.54,91.67,56.45
"20240627","1783",50.82,68.67,69.92,66.17,72.41
"20240628","1783",42.50,59.95,66.60,46.65,79.89
"20240701","1783",93.94,71.28,68.16,77.52,61.92
"20240702","1783",81.51,74.69,70.34,83.40,61.63
"20240703","1783",81.51,76.96,72.55,85.80,63.72
"20240704","1783",67.23,73.72,72.94,75.27,71.38
"20240705","1783",64.71,70.72,72.20,67.75,75.16
"20240708","1783",21.05,54.16,66.19,30.12,90.24
"20240709","1783",0.00,36.11,56.16,-4.00,96.27
"20240710","1783",17.45,29.89,47.40,-5.14,82.43
"20240711","1783",12.75,24.18,39.66,-6.79,70.62
"20240712","1783",12.08,20.15,33.16,-5.87,59.17
"20240715","1783",15.65,18.65,28.32,-0.70,47.67
"20240716","1783",11.02,16.11,24.25,-0.17,40.53
"20240717","1783",13.82,15.35,21.28,3.48,33.15
"20240718","1783",87.78,39.49,27.35,63.78,3.07
"20240719","1783",41.88,40.29,31.66,57.54,14.41
"20240722","1783",37.04,39.21,34.18,49.27,24.11
"20240723","1783",18.69,32.37,33.58,29.96,35.99
"20240726","1783",3.45,22.73,29.96,8.26,44.43
"20240729","1783",9.21,18.22,26.05,2.57,41.70
"20240730","1783",18.42,18.29,23.46,7.94,33.81
"20240731","1783",10.53,15.70,20.87,5.36,31.22
"20240801","1783",17.76,16.39,19.38,10.41,25.35
"20240802","1783",0.00,10.93,16.56,-0.34,27.83
"20240805","1783",0.00,7.29,13.47,-5.08,25.83
"20240806","1783",18.99,11.19,12.71,8.15,15.75
"20240807","1783",48.65,23.68,16.37,38.30,1.74
"20240808","1783",57.82,35.06,22.60,59.98,-2.32
"20240809","1783",68.35,46.16,30.45,77.56,-0.96
"20240812","1783",79.14,57.15,39.35,92.76,3.75
"20240813","1783",84.17,66.16,48.29,101.90,12.54
"20240814","1783",93.70,75.34,57.31,111.41,21.24
"20240815","1783",93.70,81.46,65.36,113.66,33.16
"20240816","1783",92.25,85.06,71.93,111.32,45.66
"20240819","1783",100.00,90.04,77.97,114.19,53.82
"20240820","1783",92.22,90.77,82.24,107.83,65.17
"20240821","1783",97.30,92.95,85.81,107.22,71.53
"20240822","1783",93.33,93.08,88.23,102.77,78.54
"20240823","1783",98.77,94.98,90.48,103.97,81.48
"20240826","1783",92.96,94.31,91.76,99.41,86.65
"20240827","1783",97.37,95.33,92.95,100.09,88.19
"20240828","1783",91.03,93.90,93.27,95.16,92.00
"20240829","1783",90.54,92.78,93.11,92.13,93.76
"20240830","1783",88.89,91.48,92.57,89.31,94.74
