sdate,id,mt_b_qty,mt_s_qty,mt_r_qty,mt_qty,mt_dec_qty,mt_limit_qty,mt_use_percent,ss_b_qty,ss_s_qty,ss_r_qty,ss_qty,ss_dec_qty,ms_percent,ms_dec_qty
20230512,1783,111,95,0,3168,16,19102,16.58,5,13,0,53,-8,1.67,2
20230511,1783,220,366,1,3152,-147,19102,16.5,19,41,0,61,-22,1.94,17
20230510,1783,310,247,0,3299,63,19102,17.27,1,19,0,83,-18,2.52,15
20230509,1783,210,418,0,3236,-208,19102,16.94,16,46,1,101,-31,3.12,2
20230508,1783,628,405,0,3444,223,19102,18.03,7,29,0,132,-22,3.83,1
20230505,1783,841,768,0,3221,73,19102,16.86,33,13,0,154,20,4.78,17
20230504,1783,543,527,0,3148,16,19102,16.48,107,5,0,134,102,4.26,5
20230503,1783,185,242,0,3132,-57,19102,16.4,4,5,0,32,-1,1.02,13
20230502,1783,634,676,0,3189,-42,19102,16.69,17,1,0,33,16,1.03,4
20230428,1783,233,320,0,3231,-87,19102,16.91,6,1,0,17,5,0.53,3
20230427,1783,82,75,0,3318,7,19102,17.37,0,1,0,12,-1,0.36,2
20230426,1783,79,145,0,3311,-66,19102,17.33,0,4,0,13,-4,0.39,0
20230425,1783,243,311,0,3377,-68,19102,17.68,3,12,0,17,-9,0.5,5
20230424,1783,258,452,0,3445,-194,19102,18.03,19,2,0,26,17,0.75,14
20230421,1783,304,467,15,3639,-178,19102,19.05,0,18,0,9,-18,0.25,11
20230420,1783,1205,1020,0,3817,185,19102,19.98,18,10,0,27,8,0.71,126
20230419,1783,992,593,5,3632,394,19102,19.01,19,0,0,19,19,0.52,113
20230418,1783,174,256,0,3238,-82,19102,16.95,0,0,0,0,0,0.0,0
20230417,1783,774,258,0,3320,516,19102,17.38,0,0,0,0,0,0.0,0
20230414,1783,78,52,0,2804,26,19102,14.68,0,0,1,0,-1,0.0,0
20230413,1783,45,136,0,2778,-91,19102,14.54,0,93,2,1,-95,0.04,0
20230412,1783,131,117,0,2869,14,19102,15.02,0,24,0,96,-24,3.35,0
20230411,1783,169,81,0,2855,88,19102,14.95,0,22,0,120,-22,4.2,0
20230410,1783,91,288,0,2767,-197,19102,14.49,0,5,0,142,-5,5.13,2
20230407,1783,105,58,0,2964,47,19102,15.52,0,1,0,147,-1,4.96,2
20230406,1783,95,332,0,2917,-237,19102,15.27,1,2,0,148,-1,5.07,1
20230331,1783,84,59,0,3154,25,19102,16.51,1,2,0,149,-1,4.72,0
20230330,1783,58,41,10,3129,7,19102,16.38,2,1,0,150,1,4.79,0
20230329,1783,83,90,3,3122,-10,19102,16.34,1,0,0,149,1,4.77,0
20230328,1783,69,68,0,3132,1,19102,16.4,8,1,0,148,7,4.73,0
20230327,1783,30,119,0,3131,-89,19102,16.39,0,0,2,141,-2,4.5,0
20230324,1783,135,113,1,3220,21,19102,16.86,0,8,0,143,-8,4.44,1
20230323,1783,246,282,0,3199,-36,19102,16.75,3,6,0,151,-3,4.72,19
20230322,1783,79,193,1,3235,-115,19102,16.94,0,6,0,154,-6,4.76,0
20230321,1783,230,59,0,3350,171,19102,17.54,0,2,0,160,-2,4.78,0
20230320,1783,45,254,0,3179,-209,19102,16.64,0,9,0,162,-9,5.1,0
20230317,1783,69,32,3,3388,34,19102,17.74,0,3,0,171,-3,5.05,1
20230316,1783,85,649,29,3354,-593,19102,17.56,12,11,0,174,1,5.19,1
20230315,1783,117,193,0,3947,-76,19102,20.66,1,1,0,173,0,4.38,6
20230314,1783,108,106,20,4023,-18,19102,21.06,1,9,0,173,-8,4.3,40
20230313,1783,80,451,0,4041,-371,19102,21.15,2,12,0,181,-10,4.48,2
20230310,1783,116,550,0,4412,-434,19102,23.1,18,7,0,191,11,4.33,35
20230309,1783,110,227,0,4846,-117,19102,25.37,2,2,0,180,0,3.71,6
20230308,1783,148,262,0,4963,-114,19102,25.98,4,9,0,180,-5,3.63,1
20230307,1783,278,188,12,5077,78,19102,26.58,3,20,0,185,-17,3.64,0
20230306,1783,671,1010,4,4999,-343,19102,26.17,12,47,0,202,-35,4.04,7
20230303,1783,1140,386,0,5342,754,19102,27.97,15,7,0,237,8,4.44,35
20230302,1783,484,468,0,4588,16,19102,24.02,10,5,0,229,5,4.99,2
20230301,1783,505,465,20,4572,20,19102,23.93,13,3,0,224,10,4.9,8
20230224,1783,328,654,0,4552,-326,19102,23.83,4,31,0,214,-27,4.7,0
20230223,1783,652,490,0,4878,162,19102,25.54,0,21,0,241,-21,4.94,7
20230222,1783,990,641,0,4716,349,19102,24.69,48,4,0,262,44,5.56,70
20230221,1783,318,642,0,4367,-324,19102,22.86,13,38,0,218,-25,4.99,23
20230220,1783,1239,747,0,4691,492,19102,24.56,49,6,0,243,43,5.18,14
20230217,1783,261,274,0,4199,-13,19102,21.98,9,5,0,200,4,4.76,42
20230216,1783,207,176,0,4212,32,19102,22.05,0,7,0,196,-3,4.65,8
20230215,1783,353,154,0,4180,197,19102,21.88,2,6,0,199,-8,4.76,2
20230214,1783,598,385,0,3983,213,19102,20.85,11,5,0,207,6,5.2,30
20230213,1783,343,121,5,3770,217,19102,19.74,5,16,0,201,-11,5.33,3
20230210,1783,319,266,0,3553,53,19102,18.6,13,21,0,212,-8,5.97,6
20230209,1783,528,333,0,3500,195,19102,18.32,10,71,0,220,-61,6.29,9
20230208,1783,750,692,0,3305,58,19102,17.3,11,78,1,281,-68,8.5,10
20230207,1783,887,1487,0,3247,-600,19102,17.0,81,43,4,349,34,10.75,35
20230206,1783,1872,744,0,3847,1128,19102,20.14,126,30,0,315,96,8.19,88
20230203,1783,50,236,0,2719,-186,19102,14.23,46,0,0,219,46,8.05,0
20230202,1783,260,410,0,2905,-150,19102,15.21,8,7,0,173,1,5.96,4
20230201,1783,196,342,0,3055,-146,19102,15.99,4,13,0,172,-9,5.63,1
20230131,1783,639,323,0,3201,316,19102,16.76,71,3,0,181,68,5.65,3
20230130,1783,105,142,0,2885,-37,19102,15.1,1,41,0,113,-40,3.92,4
20230117,1783,177,116,1,2922,60,19102,15.3,0,76,0,153,-76,5.24,1
20230116,1783,325,336,0,2862,-11,19102,14.98,16,24,0,229,-8,8.0,1
20230113,1783,595,486,0,2873,109,19102,15.04,167,4,0,237,163,8.25,8
20230112,1783,44,73,0,2764,-29,19102,14.47,18,8,0,74,10,2.68,0
20230111,1783,93,109,3,2793,-19,19102,14.62,23,15,0,64,8,2.29,2
20230110,1783,95,153,0,2812,-58,19102,14.72,2,27,0,56,-25,1.99,2
20230109,1783,179,192,1,2870,-14,19102,15.02,34,4,0,81,30,2.82,21
20230106,1783,263,172,0,2884,91,19102,15.1,4,11,0,51,-7,1.77,3
20230105,1783,150,229,0,2793,-79,19102,14.62,18,13,0,58,5,2.08,0
20230104,1783,156,129,1,2872,26,19102,15.04,1,7,0,53,-6,1.85,0
20230103,1783,143,257,0,2846,-114,19102,14.9,21,29,0,59,-8,2.07,0
20221230,1783,141,79,0,2960,62,19102,15.5,12,18,1,67,-7,2.26,6
20221229,1783,213,322,0,2898,-109,19102,15.17,0,70,0,74,-70,2.55,0
20221228,1783,409,316,0,3007,93,19102,15.74,60,40,0,144,20,4.79,6
20221227,1783,388,701,0,2914,-313,19102,15.25,70,29,0,124,41,4.26,5
20221226,1783,1661,540,0,3227,1121,19102,16.89,20,23,0,83,-3,2.57,27
20221223,1783,603,255,0,2106,348,19102,11.03,28,12,7,86,9,4.08,11
20221222,1783,243,158,10,1758,75,19102,9.2,30,10,0,77,20,4.38,2
20221221,1783,142,223,0,1683,-81,19102,8.81,33,0,0,57,33,3.39,4
20221220,1783,123,153,0,1764,-30,17366,10.16,3,5,0,24,-2,1.36,0
20221219,1783,275,87,0,1794,188,17366,10.33,3,2,39,26,-38,1.45,0
20221216,1783,156,173,0,1606,-17,17366,9.25,2,5,138,64,-141,3.99,1
20221215,1783,34,72,0,1623,-38,17366,9.35,0,12,0,205,-12,12.63,0
20221214,1783,94,116,0,1661,-22,17366,9.56,187,19,0,217,168,13.06,0
20221213,1783,191,279,31,1683,-119,17366,9.69,23,1,0,49,22,2.91,2
20221212,1783,205,79,10,1802,116,17366,10.38,4,0,0,27,4,1.5,0
20221209,1783,16,63,0,1686,-47,17366,9.71,4,4,0,23,0,1.36,0
20221208,1783,51,36,0,1733,15,17366,9.98,5,2,0,23,3,1.33,0
20221207,1783,60,85,0,1718,-25,17366,9.89,0,1,0,20,-1,1.16,2
20221206,1783,178,146,0,1743,32,17366,10.04,5,1,0,21,4,1.2,3
20221205,1783,71,29,0,1711,42,17366,9.85,1,0,0,17,1,0.99,0
20221202,1783,13,11,10,1669,-8,17366,9.61,0,0,0,16,0,0.96,0
20221201,1783,31,23,0,1677,8,17366,9.66,0,0,0,16,0,0.95,1
20221130,1783,13,23,0,1669,-10,17366,9.61,0,0,0,16,0,0.96,0
20221129,1783,31,8,0,1679,23,17366,9.67,0,0,0,16,0,0.95,0
20221128,1783,51,43,0,1656,8,17366,9.54,3,0,0,16,3,0.97,0
20221125,1783,12,15,0,1648,-3,17366,9.49,1,0,0,13,1,0.79,1
20221124,1783,23,15,0,1651,8,17366,9.51,0,1,0,12,-1,0.73,0
20221123,1783,11,17,0,1643,-6,17366,9.46,1,0,0,13,1,0.79,0
20221122,1783,28,16,0,1649,12,17366,9.5,0,0,0,12,0,0.73,1
20221121,1783,27,69,0,1637,-42,17366,9.43,3,0,0,12,3,0.73,0
20221118,1783,11,46,0,1679,-35,17366,9.67,2,0,0,9,2,0.54,0
20221117,1783,64,54,0,1714,10,17366,9.87,1,0,0,7,1,0.41,0
20221116,1783,31,19,0,1704,12,17366,9.81,0,2,0,6,-2,0.35,0
20221115,1783,9,22,0,1692,-13,17366,9.74,0,0,0,8,0,0.47,0
20221114,1783,46,67,0,1705,-21,17366,9.82,5,0,0,8,5,0.47,4
20221111,1783,69,61,0,1726,8,17366,9.94,3,0,0,3,3,0.17,0
20221110,1783,36,66,0,1718,-30,17366,9.89,0,0,0,0,0,0.0,0
20221109,1783,10,21,0,1748,-11,17366,10.07,0,0,0,0,0,0.0,0
20221108,1783,19,21,0,1759,-2,17366,10.13,0,0,0,0,0,0.0,0
20221107,1783,19,28,2,1761,-11,17366,10.14,0,18,2,0,-20,0.0,0
20221104,1783,31,24,0,1772,7,17366,10.2,2,1,0,20,1,1.13,0
20221103,1783,16,58,0,1765,-42,17366,10.16,4,6,0,19,-2,1.08,0
20221102,1783,9,37,0,1807,-28,17366,10.41,1,0,0,21,1,1.16,0
20221101,1783,28,44,0,1835,-16,17366,10.57,3,0,0,20,3,1.09,0
20221031,1783,6,12,1,1851,-7,17366,10.66,0,1,0,17,-1,0.92,0
20221028,1783,24,27,0,1858,-3,17366,10.7,0,2,0,18,-2,0.97,0
20221027,1783,35,31,0,1861,4,17366,10.72,0,0,0,20,0,1.07,0
20221026,1783,43,26,0,1857,17,17366,10.69,2,0,0,20,2,1.08,0
20221025,1783,2,5,0,1840,-3,17366,10.6,0,8,0,18,-8,0.98,0
20221024,1783,3,8,0,1843,-5,17366,10.61,2,0,0,26,2,1.41,0
20221021,1783,10,1,0,1848,9,17366,10.64,0,0,0,24,0,1.3,0
20221020,1783,11,28,0,1839,-17,17366,10.59,0,0,0,24,0,1.31,0
20221019,1783,13,9,0,1856,4,17366,10.69,0,1,0,24,-1,1.29,0
20221018,1783,3,7,0,1852,-4,17366,10.66,0,0,0,25,0,1.35,0
20221017,1783,12,58,12,1856,-58,17366,10.69,1,3,0,25,-2,1.35,0
20221014,1783,28,111,0,1914,-83,17366,11.02,0,2,0,27,-2,1.41,0
20221013,1783,45,103,7,1997,-65,17366,11.5,3,1,0,29,2,1.45,1
20221012,1783,14,46,4,2062,-36,17366,11.87,4,2,0,27,2,1.31,0
20221011,1783,27,76,0,2098,-49,17366,12.08,6,20,0,25,-14,1.19,2
20221007,1783,36,6,0,2147,30,17366,12.36,0,0,0,39,0,1.82,0
20221006,1783,15,19,15,2117,-19,17366,12.19,0,0,0,39,0,1.84,0
20221005,1783,14,44,0,2136,-30,17366,12.3,0,2,0,39,-2,1.83,0
20221004,1783,11,9,0,2166,2,17366,12.47,1,2,0,41,-1,1.89,0
20221003,1783,14,20,0,2164,-6,17366,12.46,2,6,0,42,-4,1.94,0
20220930,1783,6,3,0,2170,3,17366,12.5,8,4,0,46,4,2.12,1
20220929,1783,33,99,0,2167,-66,17366,12.48,5,1,0,42,4,1.94,2
20220928,1783,115,375,12,2233,-272,17366,12.86,3,8,0,38,-5,1.7,1
20220927,1783,32,15,0,2505,17,17366,14.42,3,2,0,43,1,1.72,0
20220926,1783,97,93,0,2488,4,17366,14.33,6,6,0,42,0,1.69,6
20220923,1783,92,103,1,2484,-12,17366,14.3,7,8,0,42,-1,1.69,2
20220922,1783,58,90,0,2496,-32,17366,14.37,6,7,0,43,-1,1.72,2
20220921,1783,41,57,0,2528,-16,17366,14.56,0,12,0,44,-12,1.74,1
20220920,1783,20,33,0,2544,-13,17366,14.65,1,2,0,56,-1,2.2,0
20220919,1783,68,64,0,2557,4,17366,14.72,0,20,0,57,-20,2.23,6
20220916,1783,93,154,0,2553,-61,17366,14.7,0,13,0,77,-13,3.02,0
20220915,1783,109,107,0,2614,2,17366,15.05,0,2,0,90,-2,3.44,0
20220914,1783,263,172,0,2612,91,17366,15.04,8,1,0,92,7,3.52,4
20220913,1783,92,170,0,2521,-78,17366,14.52,9,0,0,85,9,3.37,5
20220912,1783,340,156,0,2599,184,17366,14.97,17,19,0,76,-2,2.92,10
20220908,1783,76,143,0,2415,-67,17366,13.91,35,10,0,78,25,3.23,2
20220907,1783,185,87,0,2482,98,17366,14.29,8,3,0,53,5,2.14,1
20220906,1783,248,391,0,2384,-143,17366,13.73,5,46,0,48,-41,2.01,4
20220905,1783,576,303,0,2527,273,17366,14.55,15,5,0,89,10,3.52,11
20220902,1783,456,507,0,2254,-51,17366,12.98,18,1,0,79,17,3.5,13
20220901,1783,332,315,0,2305,17,17366,13.27,2,11,0,62,-9,2.69,4
20220831,1783,571,147,0,2288,424,17366,13.18,37,0,0,71,37,3.1,2
20220830,1783,7,43,0,1864,-36,17366,10.73,3,0,0,34,3,1.82,0
20220829,1783,36,22,0,1900,14,17366,10.94,0,2,0,31,-2,1.63,0
20220826,1783,56,26,0,1886,30,17366,10.86,0,8,0,33,-8,1.75,0
20220825,1783,30,48,0,1856,-18,17366,10.69,0,1,0,41,-1,2.21,0
20220824,1783,44,68,0,1874,-24,17366,10.79,2,5,0,42,-3,2.24,0
20220823,1783,33,32,0,1898,1,17366,10.93,5,0,0,45,5,2.37,1
20220822,1783,92,75,0,1897,17,17366,10.92,0,0,0,40,0,2.11,1
20220819,1783,54,112,0,1880,-58,17366,10.83,0,0,0,40,0,2.13,0
20220818,1783,92,61,0,1938,31,17366,11.16,0,5,0,40,-5,2.06,3
20220817,1783,43,95,0,1907,-52,17366,10.98,11,0,0,45,11,2.36,0
20220816,1783,38,53,0,1959,-15,17366,11.28,11,2,0,34,9,1.74,0
20220815,1783,40,40,0,1974,0,17366,11.37,0,5,0,25,-5,1.27,0
20220812,1783,8,75,0,1974,-67,17366,11.37,0,0,0,30,0,1.52,0
20220811,1783,61,33,0,2041,28,17366,11.75,0,0,0,30,0,1.47,0
20220810,1783,11,41,0,2013,-30,17366,11.59,0,5,0,30,-5,1.49,0
20220809,1783,17,21,0,2043,-4,17366,11.76,0,0,0,35,0,1.71,0
20220808,1783,42,98,0,2047,-56,17366,11.79,1,0,0,35,1,1.71,2
20220805,1783,27,68,0,2103,-41,17366,12.11,8,0,9,34,-1,1.62,0
20220804,1783,22,90,0,2144,-68,17366,12.35,2,9,0,35,-7,1.63,1
20220803,1783,53,144,0,2212,-91,17366,12.74,3,7,0,42,-4,1.9,2
20220802,1783,57,135,0,2303,-78,17366,13.26,0,10,0,46,-10,2.0,0
20220801,1783,55,59,0,2381,-4,17366,13.71,0,11,0,56,-11,2.35,0
20220729,1783,85,78,0,2385,7,17366,13.73,5,1,0,67,4,2.81,0
20220728,1783,101,35,0,2378,66,17366,13.69,0,0,0,63,0,2.65,0
20220727,1783,65,88,0,2312,-23,17366,13.31,0,11,0,63,-11,2.72,0
20220726,1783,201,220,0,2335,-19,17366,13.45,10,6,0,74,4,3.17,2
20220725,1783,547,307,0,2354,240,17366,13.56,24,6,0,70,18,2.97,11
20220722,1783,123,75,0,2114,48,17366,12.17,0,0,2,52,-2,2.46,0
20220721,1783,29,32,2,2066,-5,17366,11.9,0,3,0,54,-3,2.61,0
20220720,1783,89,52,0,2071,37,17366,11.93,6,2,0,57,4,2.75,2
20220719,1783,96,65,0,2034,31,17366,11.71,0,5,0,53,-5,2.61,0
20220718,1783,45,126,0,2003,-81,17366,11.53,0,14,0,58,-14,2.9,16
20220715,1783,108,193,0,2084,-85,17366,12.0,1,16,0,72,-15,3.45,10
20220714,1783,109,131,0,2169,-22,17366,12.49,18,11,2,87,5,4.01,14
20220713,1783,160,181,0,2191,-21,17366,12.62,28,2,0,82,26,3.74,4
20220712,1783,217,190,0,2212,27,17366,12.74,4,23,0,56,-19,2.53,11
20220711,1783,199,188,2,2185,9,17366,12.58,30,17,2,75,11,3.43,26
20220708,1783,249,232,8,2176,9,17366,12.53,19,9,0,64,10,2.94,20
20220707,1783,101,275,0,2167,-174,17366,12.48,16,6,0,54,10,2.49,2
20220706,1783,247,281,0,2341,-34,17366,13.48,11,17,0,44,-6,1.88,10
20220705,1783,192,310,0,2375,-118,17366,13.68,5,17,0,50,-12,2.11,6
20220704,1783,113,438,0,2493,-325,17366,14.36,0,98,0,62,-98,2.49,0
20220701,1783,619,454,0,2818,165,17366,16.23,42,115,0,160,-73,5.68,32
20220630,1783,1076,1500,2,2653,-426,17366,15.28,120,57,5,233,58,8.78,141
20220629,1783,1006,546,1,3079,459,17366,17.73,128,26,0,175,102,5.68,21
20220628,1783,422,206,0,2620,216,17366,15.09,37,3,0,73,34,2.79,12
20220627,1783,36,44,29,2404,-37,17366,13.84,0,20,0,39,-20,1.62,0
20220624,1783,107,186,0,2441,-79,17366,14.06,1,15,0,59,-14,2.42,3
20220623,1783,272,436,0,2520,-164,17366,14.51,69,23,0,73,46,2.9,1
20220622,1783,700,146,0,2684,554,17366,15.46,23,0,0,27,23,1.01,10
20220621,1783,6,3,1,2130,2,17366,12.27,0,0,1,4,-1,0.19,0
20220620,1783,0,3,0,2128,-3,17366,12.25,0,0,0,5,0,0.23,0
20220617,1783,5,6,0,2131,-1,17366,12.27,0,0,0,5,0,0.23,0
20220616,1783,43,34,0,2132,9,17366,12.28,0,0,0,5,0,0.23,0
20220615,1783,1,4,0,2123,-3,17366,12.23,0,0,0,5,0,0.24,0
20220614,1783,4,9,0,2126,-5,17366,12.24,0,0,0,5,0,0.24,1
20220613,1783,1,12,0,2131,-11,17366,12.27,0,4,0,5,-4,0.23,0
20220610,1783,13,2,2,2142,9,17366,12.33,0,0,0,9,0,0.42,0
20220609,1783,1,19,0,2133,-18,17366,12.28,0,0,0,9,0,0.42,0
20220608,1783,10,84,0,2151,-74,17366,12.39,0,0,0,9,0,0.42,0
20220607,1783,28,17,0,2225,11,17366,12.81,3,0,0,9,3,0.4,0
20220606,1783,46,54,1,2214,-9,17366,12.75,1,0,0,6,1,0.27,0
20220602,1783,8,17,3,2223,-12,17366,12.8,1,1,0,5,0,0.22,0
20220601,1783,9,81,0,2235,-72,17366,12.87,0,9,0,5,-9,0.22,0
20220531,1783,20,12,0,2307,8,17366,13.28,0,1,0,14,-1,0.61,0
20220530,1783,6,2,0,2299,4,17366,13.24,3,0,0,15,3,0.65,0
20220527,1783,0,3,0,2295,-3,17366,13.22,0,2,0,12,-2,0.52,0
20220526,1783,0,29,0,2298,-29,17366,13.23,2,0,0,14,2,0.61,0
20220525,1783,0,1,0,2327,-1,17366,13.4,0,3,0,12,-3,0.52,0
20220524,1783,3,44,0,2328,-41,17366,13.41,0,3,0,15,-3,0.64,0
20220523,1783,12,60,0,2369,-48,17366,13.64,2,3,0,18,-1,0.76,0
20220520,1783,9,20,0,2417,-11,17366,13.92,1,0,0,19,1,0.79,0
20220519,1783,17,2,0,2428,15,17366,13.98,0,0,0,18,0,0.74,0
20220518,1783,17,7,0,2413,10,17366,13.89,1,0,0,18,1,0.75,0
20220517,1783,34,7,0,2403,27,17366,13.84,1,0,0,17,1,0.71,0
20220516,1783,11,5,0,2376,6,17366,13.68,1,2,0,16,-1,0.67,0
20220513,1783,48,10,0,2370,38,17366,13.65,1,0,0,17,1,0.72,0
20220512,1783,49,58,0,2332,-9,17366,13.43,2,2,0,16,0,0.69,0
20220511,1783,43,8,0,2341,35,17366,13.48,5,3,0,16,2,0.68,0
20220510,1783,12,19,0,2306,-7,17366,13.28,1,0,0,14,1,0.61,0
20220509,1783,10,24,0,2313,-14,17366,13.32,3,0,0,13,3,0.56,1
20220506,1783,14,36,0,2327,-22,17366,13.4,0,3,0,10,-3,0.43,0
20220505,1783,7,4,0,2349,3,17366,13.53,3,3,0,13,0,0.55,0
20220504,1783,21,7,0,2346,14,17366,13.51,0,5,0,13,-5,0.55,0
20220503,1783,29,10,0,2332,19,17366,13.43,0,0,0,18,0,0.77,0
20220429,1783,32,36,0,2313,-4,17366,13.32,5,2,0,18,3,0.78,1
20220428,1783,11,5,2,2317,4,17366,13.34,0,14,0,15,-14,0.65,0
20220427,1783,29,125,0,2313,-96,17366,13.32,0,2,0,29,-2,1.25,3
20220426,1783,38,63,0,2409,-25,17366,13.87,13,1,0,31,12,1.29,0
20220425,1783,80,121,2,2434,-43,17366,14.02,19,4,0,19,15,0.78,1
20220422,1783,237,104,0,2477,133,17366,14.26,3,0,0,4,3,0.16,4
20220421,1783,37,36,0,2344,1,17366,13.5,1,0,0,1,1,0.04,0
20220420,1783,27,21,0,2343,6,17366,13.49,0,0,0,0,0,0.0,0
20220419,1783,93,140,0,2337,-47,17366,13.46,0,0,0,0,0,0.0,0
20220418,1783,56,65,0,2384,-9,17366,13.73,0,0,0,0,0,0.0,0
20220415,1783,24,25,0,2393,-1,17366,13.78,0,0,0,0,0,0.0,0
20220414,1783,99,15,5,2394,79,17366,13.79,0,5,5,0,-10,0.0,0
20220413,1783,2,35,0,2315,-33,17366,13.33,0,0,0,10,0,0.43,0
20220412,1783,15,14,0,2348,1,17366,13.52,5,0,0,10,5,0.43,0
20220411,1783,8,3,0,2347,5,17366,13.51,0,1,0,5,-1,0.21,0
20220408,1783,17,5,0,2342,12,17366,13.49,0,0,0,6,0,0.26,0
20220407,1783,3,8,0,2330,-5,17366,13.42,0,1,0,6,-1,0.26,0
20220406,1783,9,28,0,2335,-19,17366,13.45,0,0,0,7,0,0.3,0
20220401,1783,2,14,0,2354,-12,17366,13.56,0,0,0,7,0,0.3,0
20220331,1783,7,13,0,2366,-6,17366,13.62,0,0,0,7,0,0.3,0
20220330,1783,44,50,0,2372,-6,17366,13.66,0,1,0,7,-1,0.3,0
20220329,1783,28,60,0,2378,-32,17366,13.69,0,0,0,8,0,0.34,0
20220328,1783,11,53,0,2410,-42,17366,13.88,0,0,0,8,0,0.33,0
20220325,1783,59,11,0,2452,48,17366,14.12,0,4,0,8,-4,0.33,0
20220324,1783,41,85,0,2404,-44,17366,13.84,0,1,0,12,-1,0.5,0
20220323,1783,121,104,0,2448,17,17366,14.1,2,0,0,13,2,0.53,0
20220322,1783,145,183,0,2431,-38,17366,14.0,3,0,0,11,3,0.45,0
20220321,1783,32,8,1,2469,23,17366,14.22,1,1,0,8,0,0.32,0
20220318,1783,19,5,0,2446,14,17366,14.08,0,0,0,8,0,0.33,0
20220317,1783,59,5,0,2432,54,17366,14.0,0,0,0,8,0,0.33,0
20220316,1783,1,4,0,2378,-3,17366,13.69,0,0,0,8,0,0.34,0
20220315,1783,8,11,0,2381,-3,17366,13.71,0,0,0,8,0,0.34,0
20220314,1783,8,4,0,2384,4,17366,13.73,0,0,0,8,0,0.34,0
20220311,1783,19,3,0,2380,16,17366,13.7,0,1,0,8,-1,0.34,0
20220310,1783,12,2,20,2364,-10,17366,13.61,0,0,0,9,0,0.38,0
20220309,1783,18,21,0,2374,-3,17366,13.67,1,0,0,9,1,0.38,0
20220308,1783,25,70,2,2377,-47,17366,13.69,0,0,0,8,0,0.34,0
20220307,1783,25,19,10,2424,-4,17366,13.96,0,0,0,8,0,0.33,0
20220304,1783,21,12,0,2428,9,17366,13.98,1,0,0,8,1,0.33,0
20220303,1783,24,14,1,2419,9,17366,13.93,0,0,0,7,0,0.29,0
20220302,1783,5,14,0,2410,-9,17366,13.88,0,1,0,7,-1,0.29,0
20220301,1783,3,5,0,2419,-2,17366,13.93,0,0,0,8,0,0.33,0
20220225,1783,33,8,0,2421,25,17366,13.94,1,1,0,8,0,0.33,0
20220224,1783,23,25,0,2396,-2,17366,13.8,1,0,0,8,1,0.33,0
20220223,1783,26,51,0,2398,-25,17366,13.81,0,0,0,7,0,0.29,0
20220222,1783,38,18,0,2423,20,17366,13.95,0,12,0,7,-12,0.29,0
20220221,1783,23,34,0,2403,-11,17366,13.84,1,3,0,19,-2,0.79,0
20220218,1783,11,1,0,2414,10,17366,13.9,0,1,0,21,-1,0.87,0
20220217,1783,25,42,0,2404,-17,17366,13.84,0,0,0,22,0,0.92,0
20220216,1783,17,77,0,2421,-60,17366,13.94,0,0,0,22,0,0.91,0
20220215,1783,7,80,0,2481,-73,17366,14.29,13,0,0,22,13,0.89,0
20220214,1783,3,54,0,2554,-51,17366,14.71,1,3,0,9,-2,0.35,0
20220211,1783,15,54,0,2605,-39,17366,15.0,0,0,0,11,0,0.42,0
20220210,1783,5,13,0,2644,-8,17366,15.23,0,0,0,11,0,0.42,0
20220209,1783,20,59,0,2652,-39,17366,15.27,0,0,0,11,0,0.41,0
20220208,1783,134,206,0,2691,-72,17366,15.5,0,0,0,11,0,0.41,0
20220207,1783,67,50,0,2763,17,17366,15.91,0,0,0,11,0,0.4,0
20220126,1783,75,46,0,2746,19,17366,15.81,3,2,0,11,1,0.4,0
20220125,1783,38,47,0,2727,-9,17366,15.7,1,2,0,10,-1,0.37,0
20220124,1783,54,59,0,2736,-5,17366,15.75,2,0,0,11,2,0.4,0
20220121,1783,21,59,3,2741,-41,17366,15.78,0,8,0,9,-8,0.33,0
20220120,1783,25,34,2,2782,-11,17366,16.02,0,0,0,17,0,0.61,0
20220119,1783,45,41,3,2793,1,17366,16.08,0,0,0,17,0,0.61,0
20220118,1783,25,10,0,2792,15,17366,16.08,0,1,0,17,-1,0.61,0
20220117,1783,21,71,0,2777,-50,17366,15.99,0,0,0,18,0,0.65,0
20220114,1783,13,77,0,2827,-64,17366,16.28,0,0,0,18,0,0.64,0
20220113,1783,7,37,0,2891,-30,17366,16.65,1,1,0,18,0,0.62,0
20220112,1783,14,23,1,2921,-10,17366,16.82,1,3,0,18,-2,0.62,0
20220111,1783,15,23,0,2931,-8,17366,16.88,8,0,0,20,8,0.68,0
20220110,1783,5,24,0,2939,-19,17366,16.92,0,0,0,12,0,0.41,0
20220107,1783,9,72,0,2958,-63,17366,17.03,0,0,0,12,0,0.41,0
20220106,1783,50,29,0,3021,21,17366,17.4,0,0,0,12,0,0.4,0
20220105,1783,14,10,0,3000,4,17366,17.28,0,0,0,12,0,0.4,0
20220104,1783,20,16,0,2996,4,17366,17.25,0,0,0,12,0,0.4,0
20220103,1783,33,17,0,2992,16,17366,17.23,0,0,0,12,0,0.4,0
20211230,1783,7,57,0,2976,-50,17366,17.14,1,2,0,12,-1,0.4,0
20211229,1783,22,23,0,3026,-1,17366,17.42,0,0,0,13,0,0.43,0
20211228,1783,12,28,0,3027,-16,17366,17.43,1,0,0,13,1,0.43,0
20211227,1783,33,46,0,3043,-13,17366,17.52,3,0,0,12,3,0.39,0
20211224,1783,31,140,0,3056,-109,17366,17.6,0,0,0,9,0,0.29,0
20211223,1783,30,8,0,3165,22,17366,18.23,0,0,0,9,0,0.28,0
20211222,1783,34,22,0,3143,12,17366,18.1,0,0,0,9,0,0.29,0
20211221,1783,5,34,0,3131,-29,17366,18.03,0,4,0,9,-4,0.29,0
20211220,1783,7,22,0,3160,-15,17366,18.2,0,0,0,13,0,0.41,0
20211217,1783,45,64,0,3175,-19,17366,18.28,3,0,0,13,3,0.41,0
20211216,1783,49,69,0,3194,-20,17366,18.39,0,2,0,10,-2,0.31,0
20211215,1783,26,83,1,3214,-58,17366,18.51,0,0,0,12,0,0.37,0
20211214,1783,60,111,0,3272,-51,17366,18.84,3,5,0,12,-2,0.37,0
20211213,1783,62,27,0,3323,-1,17366,19.14,0,4,0,14,-4,0.42,0
20211210,1783,131,217,0,3324,-86,17366,19.14,4,5,0,18,-1,0.54,0
20211209,1783,61,111,0,3410,-50,17366,19.64,0,5,0,19,-5,0.56,0
20211208,1783,119,91,0,3460,28,17366,19.92,1,0,0,24,1,0.69,0
20211207,1783,74,53,0,3432,21,17366,19.76,0,1,0,23,-1,0.67,0
20211206,1783,67,64,0,3411,3,17366,19.64,0,0,0,24,0,0.7,0
20211203,1783,36,34,0,3408,2,17366,19.62,1,3,0,24,-2,0.7,0
20211202,1783,169,107,0,3406,62,17366,19.61,3,18,0,26,-15,0.76,0
20211201,1783,361,144,0,3344,217,17366,19.26,8,0,0,41,8,1.23,0
20211130,1783,97,109,0,3127,-12,17366,18.01,9,0,0,33,9,1.06,0
20211129,1783,68,116,0,3139,-48,17366,18.08,0,1,0,24,-1,0.76,3
20211126,1783,351,113,0,3187,238,17366,18.35,2,7,0,25,-5,0.78,2
20211125,1783,195,129,0,2949,66,17366,16.98,7,2,0,30,5,1.02,1
20211124,1783,33,170,0,2883,-137,17366,16.6,1,2,0,25,-1,0.87,0
20211123,1783,126,424,0,3020,-298,17366,17.39,0,2,0,26,-2,0.86,0
20211122,1783,210,145,0,3318,65,17366,19.11,1,0,0,28,1,0.84,1
20211119,1783,53,227,0,3253,-174,17366,18.73,2,0,0,27,2,0.83,0
20211118,1783,68,150,0,3427,-82,17366,19.73,0,3,0,25,-3,0.73,0
20211117,1783,83,65,0,3509,18,17366,20.21,0,1,0,28,-1,0.8,0
20211116,1783,238,185,0,3491,53,17366,20.1,1,2,0,29,-1,0.83,0
20211115,1783,185,156,0,3438,29,17366,19.8,0,4,0,30,-4,0.87,0
20211112,1783,323,130,0,3409,193,17366,19.63,4,10,0,34,-6,1.0,0
20211111,1783,867,336,0,3216,531,17366,18.52,4,4,0,40,0,1.24,1
20211110,1783,687,156,0,2685,531,17366,15.46,15,14,0,40,1,1.49,0
20211109,1783,195,120,0,2154,75,17366,12.4,26,1,0,39,25,1.81,0
20211108,1783,32,32,0,2079,0,17366,11.97,0,0,0,14,0,0.67,0
20211105,1783,46,43,0,2079,3,17366,11.97,0,0,0,14,0,0.67,0
20211104,1783,17,31,0,2076,-14,17366,11.95,2,0,0,14,2,0.67,0
20211103,1783,35,5,0,2090,30,17366,12.04,0,0,0,12,0,0.57,0
20211102,1783,60,14,0,2060,46,17366,11.86,0,13,0,12,-13,0.58,0
20211101,1783,73,36,0,2014,37,17366,11.6,12,0,0,25,12,1.24,0
20211029,1783,42,5,0,1977,37,17366,11.38,0,0,0,13,0,0.66,0
20211028,1783,23,29,0,1940,-6,17366,11.17,2,0,0,13,2,0.67,0
20211027,1783,22,44,0,1946,-22,17366,11.21,0,0,0,11,0,0.57,0
20211026,1783,13,19,1,1968,-7,17366,11.33,0,0,0,11,0,0.56,0
20211025,1783,19,33,0,1975,-14,17366,11.37,0,3,0,11,-3,0.56,0
20211022,1783,58,48,0,1989,10,17366,11.45,1,8,0,14,-7,0.7,0
20211021,1783,46,38,0,1979,8,17366,11.4,0,14,0,21,-14,1.06,0
20211020,1783,8,5,0,1971,3,17366,11.35,0,3,0,35,-3,1.78,0
20211019,1783,53,14,0,1968,39,17366,11.33,3,3,0,38,0,1.93,0
20211018,1783,57,70,0,1929,-13,17366,11.11,19,1,0,38,18,1.97,0
20211015,1783,20,35,0,1942,-15,17366,11.18,4,11,0,20,-7,1.03,2
20211014,1783,23,29,0,1957,-6,17366,11.27,3,2,0,27,1,1.38,0
20211013,1783,74,75,0,1963,-1,17366,11.3,5,1,0,26,4,1.32,2
20211012,1783,185,60,0,1964,125,17366,11.31,2,7,0,22,-5,1.12,1
20211008,1783,73,69,0,1839,4,17366,10.59,0,16,0,27,-16,1.47,0
20211007,1783,22,98,0,1835,-76,17366,10.57,8,2,0,43,6,2.34,0
20211006,1783,147,32,0,1911,115,17366,11.0,1,10,0,37,-9,1.94,1
20211005,1783,51,70,0,1796,-19,17366,10.34,4,2,0,46,2,2.56,0
20211004,1783,38,130,0,1815,-92,17366,10.45,16,6,0,44,10,2.42,3
20211001,1783,65,324,0,1907,-259,17366,10.98,9,61,0,34,-52,1.78,2
20210930,1783,37,39,0,2166,-2,17366,12.47,0,5,0,86,-5,3.97,0
20210929,1783,126,143,0,2168,-17,17366,12.48,0,26,0,91,-26,4.2,0
20210928,1783,255,83,0,2185,172,17366,12.58,0,10,0,117,-10,5.35,0
20210927,1783,311,192,0,2013,119,17366,11.59,45,6,0,127,39,6.31,1
20210924,1783,12,19,0,1894,-7,17366,10.91,12,10,0,88,2,4.65,0
20210923,1783,111,25,0,1901,86,17366,10.95,17,14,0,86,3,4.52,1
20210922,1783,54,54,0,1815,0,17366,10.45,10,60,0,83,-50,4.57,0
20210917,1783,26,41,0,1815,-15,17366,10.45,1,5,0,133,-4,7.33,0
20210916,1783,18,74,0,1830,-56,17366,10.54,19,14,0,137,5,7.49,0
20210915,1783,17,36,0,1886,-19,17366,10.86,1,12,0,132,-11,7.0,0
20210914,1783,12,24,0,1905,-12,17366,10.97,3,9,0,143,-6,7.51,0
20210913,1783,15,23,0,1917,-8,17366,11.04,6,2,0,149,4,7.77,2
20210910,1783,40,94,0,1925,-54,17366,11.08,16,2,0,145,14,7.53,2
20210909,1783,46,28,0,1979,18,17366,11.4,25,4,0,131,21,6.62,0
20210908,1783,109,143,0,1961,-34,17366,11.29,8,34,0,110,-26,5.61,2
20210907,1783,87,99,0,1995,-12,17366,11.49,21,49,0,136,-28,6.82,0
20210906,1783,51,404,0,2007,-353,17366,11.56,20,52,0,164,-32,8.17,0
20210903,1783,46,81,0,2360,-35,17366,13.59,20,12,0,196,8,8.31,0
20210902,1783,80,169,0,2395,-89,17366,13.79,28,5,0,188,23,7.85,4
20210901,1783,140,35,0,2484,105,17366,14.3,10,87,0,165,-77,6.64,6
20210831,1783,35,82,0,2379,-47,17366,13.7,9,49,0,242,-40,10.17,1
20210830,1783,90,74,0,2426,16,17366,13.97,59,9,0,282,50,11.62,3
20210827,1783,81,66,0,2410,15,17366,13.88,19,22,0,232,-3,9.63,2
20210826,1783,139,193,0,2395,-54,17366,13.79,15,77,0,235,-62,9.81,2
20210825,1783,125,156,0,2449,-31,17366,14.1,130,11,0,297,119,12.13,1
20210824,1783,182,187,0,2480,-5,17366,14.28,35,52,0,178,-17,7.18,14
20210823,1783,168,122,0,2485,46,17366,14.31,56,21,0,195,35,7.85,2
20210820,1783,588,362,0,2439,226,17366,14.04,94,35,0,160,59,6.56,161
20210819,1783,500,726,0,2213,-226,17366,12.74,101,0,0,101,101,4.56,33
20210818,1783,339,621,0,2439,-282,17366,14.04,0,0,0,0,0,0.0,0
20210817,1783,298,448,0,2721,-150,17366,15.67,0,0,0,0,0,0.0,0
20210816,1783,386,538,0,2871,-152,17366,16.53,0,0,0,0,0,0.0,0
20210813,1783,634,674,0,3023,-40,17366,17.41,0,70,25,0,-95,0.0,0
20210812,1783,721,654,0,3063,67,17366,17.64,19,31,2,95,-14,3.1,562
20210811,1783,438,476,0,2996,-38,17366,17.25,26,70,30,109,-74,3.64,257
20210810,1783,503,370,0,3034,133,17366,17.47,58,63,0,183,-5,6.03,566
20210809,1783,391,623,0,2901,-232,17366,16.71,44,54,0,188,-10,6.48,882
20210806,1783,331,441,0,3133,-110,17366,18.04,58,21,30,198,7,6.32,422
20210805,1783,357,180,0,3243,177,17366,18.67,20,46,2,191,-28,5.89,537
20210804,1783,295,337,0,3066,-42,17366,17.66,12,150,4,219,-142,7.14,540
20210803,1783,528,262,0,3108,266,17366,17.9,252,7,0,361,245,11.62,8
20210802,1783,174,386,170,2842,-382,17366,16.37,16,12,0,116,4,4.08,7
20210730,1783,472,483,0,3224,-11,17366,18.57,15,77,0,112,-62,3.47,26
20210729,1783,463,786,0,3235,-323,17366,18.63,114,20,0,174,94,5.38,7
20210728,1783,671,420,0,3558,251,17366,20.49,56,2,0,80,54,2.25,4
20210727,1783,304,520,0,3307,-216,17366,19.04,2,4,0,26,-2,0.79,13
20210726,1783,215,326,0,3523,-111,17366,20.29,7,0,0,28,7,0.79,1
20210723,1783,84,43,0,3634,41,17366,20.93,0,0,0,21,0,0.58,0
20210722,1783,179,135,0,3593,44,17366,20.69,1,2,0,21,-1,0.58,1
20210721,1783,647,415,0,3549,232,17366,20.44,11,24,0,22,-13,0.62,16
20210720,1783,291,197,0,3317,94,17366,19.1,22,0,0,35,22,1.06,9
20210719,1783,194,454,0,3223,-260,17366,18.56,2,0,0,13,2,0.4,1
20210716,1783,253,73,0,3483,180,17366,20.06,5,1,0,11,4,0.32,0
20210715,1783,419,195,0,3303,224,17366,19.02,1,0,0,7,1,0.21,22
20210714,1783,992,273,0,3079,719,17366,17.73,1,2,0,6,-1,0.19,2
20210713,1783,162,131,0,2360,31,17366,13.59,1,0,0,7,1,0.3,1
20210712,1783,63,96,0,2329,-33,17366,13.41,0,2,0,6,-2,0.26,0
20210709,1783,269,101,0,2362,168,17366,13.6,2,1,0,8,1,0.34,2
20210708,1783,36,50,0,2194,-14,17366,12.63,2,0,0,7,2,0.32,0
20210707,1783,2,34,0,2208,-32,17366,12.71,2,0,0,5,2,0.23,0
20210706,1783,10,45,0,2240,-35,17366,12.9,0,1,0,3,-1,0.13,0
20210705,1783,13,27,0,2275,-14,17366,13.1,1,1,0,4,0,0.18,0
20210702,1783,30,17,0,2289,13,17366,13.18,0,0,0,4,0,0.17,0
20210701,1783,47,187,0,2276,-140,17366,13.11,0,0,0,4,0,0.18,0
20210630,1783,304,122,115,2416,67,17366,13.91,1,1,0,4,0,0.17,16
20210629,1783,37,29,0,2349,8,17366,13.53,0,0,0,4,0,0.17,0
20210628,1783,2,46,0,2341,-44,17366,13.48,0,0,0,4,0,0.17,0
20210625,1783,52,120,0,2385,-68,17366,13.73,0,0,0,4,0,0.17,0
20210624,1783,88,131,0,2453,-43,17366,14.13,0,1,0,4,-1,0.16,0
20210623,1783,20,45,0,2496,-25,17366,14.37,1,0,0,5,1,0.2,0
20210622,1783,27,48,0,2521,-21,17366,14.52,0,0,0,4,0,0.16,0
20210621,1783,56,57,0,2542,-1,17366,14.64,0,0,0,4,0,0.16,1
20210618,1783,48,42,0,2543,6,17366,14.64,0,0,0,4,0,0.16,0
20210617,1783,44,23,0,2537,21,17366,14.61,0,15,0,4,-15,0.16,0
20210616,1783,17,35,0,2516,-18,17366,14.49,0,0,0,19,0,0.76,0
20210615,1783,78,63,0,2534,15,17366,14.59,0,1,0,19,-1,0.75,0
20210611,1783,32,12,0,2519,20,17366,14.51,0,0,0,20,0,0.79,0
20210610,1783,5,36,0,2499,-31,17366,14.39,0,0,0,20,0,0.8,0
20210609,1783,40,50,0,2530,-10,17366,14.57,0,0,0,20,0,0.79,0
20210608,1783,37,18,0,2540,19,17366,14.63,3,0,0,20,3,0.79,0
20210607,1783,109,108,0,2521,1,17366,14.52,0,2,0,17,-2,0.67,0
20210604,1783,214,98,0,2520,116,17366,14.51,0,0,0,19,0,0.75,0
20210603,1783,55,52,0,2404,3,17366,13.84,1,0,0,19,1,0.79,0
20210602,1783,64,62,0,2401,2,17366,13.83,1,6,0,18,-5,0.75,0
20210601,1783,124,123,0,2399,1,17366,13.81,6,5,0,23,1,0.96,0
20210531,1783,184,155,0,2398,29,17366,13.81,2,3,0,22,-1,0.92,0
20210528,1783,103,221,0,2369,-118,17366,13.64,2,1,1,23,0,0.97,0
20210527,1783,223,291,0,2487,-68,17366,14.32,1,2,0,23,-1,0.92,0
20210526,1783,1061,589,0,2555,472,17366,14.71,10,1,0,24,9,0.94,28
20210525,1783,121,115,0,2083,6,17366,11.99,1,7,0,15,-6,0.72,2
20210524,1783,666,205,0,2077,461,17366,11.96,11,6,0,21,5,1.01,4
20210521,1783,127,130,0,1616,-3,17366,9.31,13,2,0,16,11,0.99,0
20210520,1783,106,86,0,1619,20,17366,9.32,4,1,0,5,3,0.31,1
20210519,1783,24,72,0,1599,-48,17366,9.21,1,2,0,2,-1,0.13,1
20210518,1783,101,272,0,1647,-171,17366,9.48,3,8,0,3,-5,0.18,2
20210517,1783,295,203,6,1818,86,17366,10.47,4,2,0,8,2,0.44,1
20210514,1783,39,60,0,1732,-21,17366,9.97,6,1,0,6,5,0.35,1
20210513,1783,194,232,0,1753,-38,17366,10.09,0,0,0,1,0,0.06,10
20210512,1783,206,93,0,1791,113,17366,10.31,1,2,0,1,-1,0.06,4
20210511,1783,14,35,0,1678,-21,17366,9.66,2,0,0,2,2,0.12,0
20210510,1783,11,10,0,1699,1,17366,9.78,0,0,0,0,0,0.0,0
20210507,1783,14,19,0,1698,-5,17366,9.78,0,0,0,0,0,0.0,0
20210506,1783,49,14,0,1703,35,17366,9.81,0,0,0,0,0,0.0,30
20210505,1783,1,25,0,1668,-24,17366,9.6,0,0,0,0,0,0.0,0
20210504,1783,11,109,0,1692,-98,17366,9.74,0,0,0,0,0,0.0,6
20210503,1783,60,35,0,1790,25,17366,10.31,0,0,0,0,0,0.0,0
20210429,1783,19,29,0,1765,-10,17366,10.16,0,0,0,0,0,0.0,0
20210428,1783,31,151,65,1775,-185,17366,10.22,0,0,0,0,0,0.0,0
20210427,1783,82,56,0,1960,26,17366,11.29,0,0,0,0,0,0.0,0
20210426,1783,6,37,0,1934,-31,17366,11.14,0,0,0,0,0,0.0,0
20210423,1783,101,71,0,1965,30,17366,11.32,0,0,0,0,0,0.0,0
20210422,1783,104,206,0,1935,-102,17366,11.14,0,1,0,0,-1,0.0,0
20210421,1783,192,243,0,2037,-51,17366,11.73,1,1,0,1,0,0.05,0
20210420,1783,572,655,0,2088,-83,17366,12.02,0,0,0,1,0,0.05,30
20210419,1783,807,234,1,2171,572,17366,12.5,0,2,0,1,-2,0.05,6
20210416,1783,97,130,0,1599,-33,17366,9.21,0,0,0,3,0,0.19,0
20210415,1783,108,97,0,1632,11,17366,9.4,0,3,0,3,-3,0.18,0
20210414,1783,254,216,0,1621,38,17366,9.33,3,0,40,6,-37,0.37,1
20210413,1783,302,85,0,1583,217,17366,9.12,0,0,0,43,0,2.72,0
20210412,1783,66,46,0,1366,20,17366,7.87,0,0,0,43,0,3.15,0
20210409,1783,65,81,0,1346,-16,17366,7.75,0,0,0,43,0,3.19,1
20210408,1783,72,102,0,1362,-30,17366,7.84,0,0,0,43,0,3.16,0
20210407,1783,73,92,0,1392,-19,17366,8.02,0,0,0,43,0,3.09,0
20210406,1783,92,118,0,1411,-26,17366,8.13,0,0,0,43,0,3.05,0
20210401,1783,108,133,0,1437,-25,17366,8.27,0,0,0,43,0,2.99,13
20210331,1783,62,192,5,1462,-135,17366,8.42,0,0,0,43,0,2.94,6
20210330,1783,65,149,0,1597,-84,17366,9.2,0,0,1,43,-1,2.69,1
20210329,1783,58,61,0,1681,-3,17366,9.68,0,1,0,44,-1,2.62,0
20210326,1783,86,80,0,1684,6,17366,9.7,1,2,31,45,-32,2.67,1
20210325,1783,187,450,0,1678,-263,17366,9.66,2,13,0,77,-11,4.59,5
20210324,1783,825,839,0,1941,-14,17366,11.18,9,13,75,88,-79,4.53,18
20210323,1783,707,138,0,1955,569,17366,11.26,10,0,7,167,3,8.54,0
20210322,1783,57,212,0,1386,-155,17366,7.98,0,3,0,164,-3,11.83,0
20210319,1783,63,80,0,1541,-17,17366,8.87,0,0,13,167,-13,10.84,0
20210318,1783,312,24,0,1558,288,17366,8.97,11,22,0,180,-11,11.55,1
20210317,1783,19,32,1,1270,-14,17366,7.31,5,0,0,191,5,15.04,0
20210316,1783,27,30,0,1284,-3,17366,7.39,4,2,0,186,2,14.49,0
20210315,1783,34,60,0,1287,-26,17366,7.41,2,0,0,184,2,14.3,0
20210312,1783,99,55,0,1313,44,17366,7.56,15,0,0,182,15,13.86,5
20210311,1783,24,143,1,1269,-120,17366,7.31,1,0,0,167,1,13.16,2
20210310,1783,226,175,0,1389,51,17366,8.0,87,0,0,166,87,11.95,10
20210309,1783,1,12,0,1338,-11,17366,7.7,79,0,0,79,79,5.9,0
20210308,1783,28,65,0,1349,-37,17366,7.77,0,0,0,0,0,0.0,0
20210305,1783,34,26,0,1386,8,17366,7.98,0,0,0,0,0,0.0,0
20210304,1783,1,19,0,1378,-18,17366,7.94,0,0,0,0,0,0.0,0
20210303,1783,9,23,0,1396,-14,17366,8.04,0,0,0,0,0,0.0,0
20210302,1783,15,22,0,1410,-7,17366,8.12,0,0,0,0,0,0.0,0
20210226,1783,8,0,0,1417,8,17366,8.16,0,0,0,0,0,0.0,0
20210225,1783,23,5,0,1409,18,17366,8.11,0,0,0,0,0,0.0,0
20210224,1783,43,78,0,1391,-35,17366,8.01,0,2,0,0,-2,0.0,0
20210223,1783,50,44,3,1426,3,17366,8.21,0,0,0,2,0,0.14,0
20210222,1783,108,150,0,1423,-42,17366,8.19,2,0,0,2,2,0.14,0
20210219,1783,70,9,0,1465,61,17366,8.44,0,0,0,0,0,0.0,0
20210218,1783,29,5,0,1404,24,17366,8.08,0,0,0,0,0,0.0,0
20210217,1783,3,3,0,1380,0,17366,7.95,0,0,0,0,0,0.0,0
20210205,1783,6,11,0,1380,-5,17366,7.95,0,0,0,0,0,0.0,0
20210204,1783,3,4,0,1385,-1,17366,7.98,0,0,0,0,0,0.0,0
20210203,1783,2,2,0,1386,0,17366,7.98,0,0,0,0,0,0.0,0
20210202,1783,3,2,0,1386,1,17366,7.98,0,0,0,0,0,0.0,0
20210201,1783,5,9,0,1385,-4,17366,7.98,0,0,0,0,0,0.0,0
20210129,1783,8,15,0,1389,-7,17366,8.0,0,0,0,0,0,0.0,0
20210128,1783,14,15,0,1396,-1,17366,8.04,0,0,0,0,0,0.0,0
20210127,1783,8,21,0,1397,-13,17366,8.04,0,0,0,0,0,0.0,0
20210126,1783,3,9,0,1410,-6,17366,8.12,0,1,0,0,-1,0.0,0
20210125,1783,7,3,0,1416,4,17366,8.15,0,0,0,1,0,0.07,0
20210122,1783,5,1,0,1412,4,17366,8.13,0,0,0,1,0,0.07,0
20210121,1783,2,7,0,1408,-5,17366,8.11,0,0,0,1,0,0.07,0
20210120,1783,1,17,0,1413,-16,17366,8.14,0,0,0,1,0,0.07,0
20210119,1783,9,8,0,1429,1,17366,8.23,1,0,0,1,1,0.07,0
20210118,1783,5,4,1,1428,0,17366,8.22,0,0,0,0,0,0.0,0
20210115,1783,3,15,0,1428,-12,17366,8.22,0,0,0,0,0,0.0,0
20210114,1783,7,0,0,1440,7,17366,8.29,0,0,0,0,0,0.0,0
20210113,1783,0,12,0,1433,-12,17366,8.25,0,0,0,0,0,0.0,0
20210112,1783,50,13,0,1445,37,17366,8.32,0,0,0,0,0,0.0,0
20210111,1783,28,35,0,1408,-7,17366,8.11,0,0,0,0,0,0.0,0
20210108,1783,20,19,0,1415,1,17366,8.15,0,0,0,0,0,0.0,0
20210107,1783,28,16,0,1414,12,17366,8.14,0,0,0,0,0,0.0,0
20210106,1783,4,4,0,1402,0,17366,8.07,0,0,0,0,0,0.0,0
20210105,1783,4,13,0,1402,-9,17366,8.07,0,0,0,0,0,0.0,0
20210104,1783,2,11,0,1411,-9,17366,8.13,0,0,0,0,0,0.0,0
20230517,1783,170,59,50,3036,61,19102,15.89,1,4,0,42,-3,1.38,0
20230516,1783,51,142,0,2975,-91,19102,15.57,2,4,0,45,-2,1.51,0
20230515,1783,94,196,0,3066,-102,19102,16.05,3,9,0,47,-6,1.53,0
20230518,1783,130,59,0,3107,71,19102,16.27,6,11,0,37,-5,1.19,3
20230519,1783,194,145,0,3156,49,19102,16.52,0,14,0,23,-14,0.73,0
20230522,1783,145,54,0,3247,91,19102,17.0,3,0,0,26,3,0.8,19
20230523,1783,150,245,0,3152,-95,19102,16.5,6,0,0,32,6,1.02,2
20230529,1783,40,38,0,3061,2,19102,16.02,12,6,0,35,6,1.14,0
20230526,1783,228,467,0,3059,-239,19102,16.01,8,6,0,29,2,0.95,17
20230525,1783,135,64,9,3298,62,19102,17.27,1,3,0,27,-2,0.82,0
20230524,1783,181,97,0,3236,84,19102,16.94,1,4,0,29,-3,0.9,0
20230615,1783,38,68,77,3082,-107,19102,16.13,0,4,0,11,-4,0.36,0
20230614,1783,35,42,0,3189,-7,19102,16.69,0,2,0,15,-2,0.47,0
20230613,1783,29,80,0,3196,-51,19102,16.73,2,0,0,17,2,0.53,0
20230612,1783,110,52,0,3247,58,19102,17.0,2,2,0,15,0,0.46,1
20230609,1783,77,74,0,3189,3,19102,16.69,1,5,0,15,-4,0.47,0
20230608,1783,62,70,0,3186,-8,19102,16.68,0,5,0,19,-5,0.6,0
20230607,1783,86,118,0,3194,-32,19102,16.72,2,2,0,24,0,0.75,0
20230606,1783,58,99,0,3226,-41,19102,16.89,2,2,0,24,0,0.74,0
20230605,1783,45,99,0,3267,-54,19102,17.1,2,0,0,24,2,0.73,0
20230602,1783,82,37,0,3321,45,19102,17.39,2,5,0,22,-3,0.66,0
20230601,1783,213,38,0,3276,175,19102,17.15,2,5,0,25,-3,0.76,0
20230531,1783,79,37,0,3101,42,19102,16.23,0,1,0,28,-1,0.9,1
20230530,1783,42,44,0,3059,-2,19102,16.01,4,10,0,29,-6,0.95,14
20230621,1783,88,107,0,3156,-19,19102,16.52,0,0,5,9,-5,0.29,0
20230620,1783,197,209,0,3175,-12,19102,16.62,2,1,0,14,1,0.44,1
20230619,1783,200,229,0,3187,-29,19102,16.68,1,0,0,13,1,0.41,4
20230616,1783,264,130,0,3216,134,19102,16.84,1,0,0,12,1,0.37,0
20230630,1783,228,244,10,3319,-26,19102,17.38,0,0,0,18,0,0.54,18
20230629,1783,246,334,0,3345,-88,19102,17.51,1,23,0,18,-22,0.54,17
20230628,1783,670,502,0,3433,168,19102,17.97,28,21,0,40,7,1.17,38
20230627,1783,543,422,0,3265,121,19102,17.09,25,0,0,33,25,1.01,25
20230626,1783,98,110,0,3144,-12,19102,16.46,1,2,0,8,-1,0.25,1
20230706,1783,167,124,1,3411,42,19102,17.86,0,3,0,22,-3,0.64,33
20230705,1783,209,123,0,3369,86,19102,17.64,0,0,0,25,0,0.74,12
20230704,1783,303,254,0,3283,49,19102,17.19,6,1,0,25,5,0.76,3
20230707,1783,81,170,0,3322,-89,19102,17.39,6,2,0,26,4,0.78,34
20230703,1783,180,265,0,3234,-85,19102,16.93,2,0,0,20,2,0.62,24
20230710,1783,68,117,0,3273,-49,19102,17.13,2,3,0,25,-1,0.76,30
20230711,1783,89,166,0,3196,-77,19102,16.73,5,8,0,22,-3,0.69,2
20230712,1783,149,156,0,3189,-7,19102,16.69,11,7,0,26,4,0.82,0
20230720,1783,87,107,0,3203,-20,19102,16.77,0,2,0,15,-2,0.47,3
20230713,1783,62,52,4,3195,6,19102,16.73,1,13,0,14,-12,0.44,1
20230718,1783,126,195,0,3138,-69,19102,16.43,2,0,0,14,2,0.45,0
20230714,1783,133,82,0,3246,51,19102,16.99,1,2,0,13,-1,0.4,5
20230717,1783,67,105,1,3207,-39,19102,16.79,0,1,0,12,-1,0.37,0
20230719,1783,240,155,0,3223,85,19102,16.87,5,2,0,17,3,0.53,2
20230728,1783,571,222,0,2971,349,19102,15.55,24,17,0,51,7,1.72,36
20230724,1783,86,34,0,3296,52,19102,17.25,1,3,0,14,-2,0.42,14
20230721,1783,225,184,0,3244,41,19102,16.98,1,0,0,16,1,0.49,26
20230727,1783,104,599,0,2622,-495,19102,13.73,37,0,0,44,37,1.68,0
20230726,1783,87,196,0,3117,-109,19102,16.32,0,7,0,7,-7,0.22,0
20230725,1783,51,121,0,3226,-70,19102,16.89,0,0,0,14,0,0.43,0
20230802,1783,147,158,0,2925,-11,19102,15.31,1,4,0,18,-3,0.62,0
20230731,1783,181,189,0,2963,-8,19102,15.51,1,36,0,16,-35,0.54,2
20230814,1783,228,219,0,3108,9,19102,16.27,1,3,0,6,-2,0.19,0
20230817,1783,11,49,0,2953,-38,19102,15.46,0,2,0,3,-2,0.1,0
20230804,1783,65,26,0,2964,39,19102,15.52,0,1,0,17,-1,0.57,0
20230807,1783,44,123,1,2884,-80,19102,15.1,0,1,7,9,-8,0.31,11
20230810,1783,351,47,1,3110,303,19102,16.28,2,0,0,9,2,0.29,2
20230801,1783,165,192,0,2936,-27,19102,15.37,5,0,0,21,5,0.72,19
20230815,1783,6,74,0,3040,-68,19102,15.91,2,1,0,7,1,0.23,0
20230818,1783,19,11,2,2959,6,19102,15.49,0,0,0,3,0,0.1,0
20230808,1783,85,112,2,2855,-29,19102,14.95,0,2,0,7,-2,0.25,0
20230816,1783,22,68,3,2991,-49,19102,15.66,0,2,0,5,-2,0.17,1
20230809,1783,22,70,0,2807,-48,19102,14.69,0,0,0,7,0,0.25,0
20230811,1783,46,57,0,3099,-11,19102,16.22,4,5,0,8,-1,0.26,0
20230822,1783,48,99,2,2878,-53,19102,15.07,3,0,0,6,3,0.21,0
20230907,1783,79,53,0,2682,26,19102,14.04,1,0,0,1,1,0.04,2
20230901,1783,14,38,6,2781,-30,19102,14.56,0,1,0,0,-1,0.0,0
20230830,1783,25,72,0,2831,-47,19102,14.82,0,0,0,1,0,0.04,0
20230829,1783,4,28,0,2878,-24,19102,15.07,0,2,0,1,-2,0.03,0
20230908,1783,16,6,0,2692,10,19102,14.09,0,1,0,0,-1,0.0,0
20230906,1783,38,58,0,2656,-20,19102,13.9,0,0,0,0,0,0.0,0
20230821,1783,15,40,3,2931,-28,19102,15.34,0,0,0,3,0,0.1,0
20230905,1783,20,113,0,2676,-93,19102,14.01,0,0,0,0,0,0.0,0
20230823,1783,26,48,0,2856,-22,19102,14.95,1,0,0,7,1,0.25,1
20230831,1783,3,20,3,2811,-20,19102,14.72,0,0,0,1,0,0.04,0
20230824,1783,76,76,0,2856,0,19102,14.95,3,1,0,9,2,0.32,0
20230825,1783,12,11,0,2857,1,19102,14.96,0,2,0,7,-2,0.25,0
20230904,1783,30,41,1,2769,-12,19102,14.5,0,0,0,0,0,0.0,0
20230828,1783,70,19,6,2902,45,19102,15.19,0,4,0,3,-4,0.1,0
20230912,1783,4,13,0,2684,-9,19102,14.05,1,1,0,1,0,0.04,0
20230914,1783,10,20,3,2669,-13,19102,13.97,0,0,0,1,0,0.04,0
20230920,1783,4,5,110,2608,-111,19102,13.65,1,0,0,1,1,0.04,0
20230919,1783,28,7,1,2719,20,19102,14.23,0,1,0,0,-1,0.0,0
20230921,1783,18,10,1,2615,7,19102,13.69,2,0,0,3,2,0.11,0
20230915,1783,10,15,0,2664,-5,19102,13.95,0,0,0,1,0,0.04,0
20230918,1783,38,3,0,2699,35,19102,14.13,0,0,0,1,0,0.04,0
20230911,1783,15,14,0,2693,1,19102,14.1,1,0,0,1,1,0.04,0
20230922,1783,2,4,0,2613,-2,19102,13.68,0,0,0,3,0,0.11,0
20230913,1783,1,3,0,2682,-2,19102,14.04,0,0,0,1,0,0.04,0
20230925,1783,6,19,0,2600,-13,19102,13.61,0,1,0,2,-1,0.08,0
20231002,1783,13,16,0,2592,-3,19102,13.57,0,2,0,1,-2,0.04,0
20231003,1783,8,3,0,2597,5,19102,13.6,0,0,0,1,0,0.04,0
20230927,1783,2,2,0,2602,0,19102,13.62,1,0,0,3,1,0.12,0
20230928,1783,6,13,0,2595,-7,19102,13.58,0,0,0,3,0,0.12,0
20231004,1783,9,4,0,2602,5,19102,13.62,1,0,0,2,1,0.08,0
20231011,1783,103,162,0,2533,-59,19102,13.26,9,0,0,11,9,0.43,0
20231005,1783,4,1,6,2599,-3,19102,13.61,0,1,0,1,-1,0.04,0
20230926,1783,4,2,0,2602,2,19102,13.62,0,0,0,2,0,0.08,0
20231006,1783,15,22,0,2592,-7,19102,13.57,1,0,0,2,1,0.08,0
20231012,1783,72,17,0,2588,55,19102,13.55,2,9,0,4,-7,0.15,0
20231024,1783,9,20,7,1912,-18,19102,10.01,0,0,0,8,0,0.42,0
20231023,1783,11,5,2,1930,4,19102,10.1,0,0,0,8,0,0.41,0
20231025,1783,4,6,0,1910,-2,19102,10.0,0,2,0,6,-2,0.31,0
20231016,1783,88,229,0,2439,-141,19102,12.77,5,2,0,9,3,0.37,0
20231027,1783,53,39,2,1951,12,19102,10.21,1,0,0,7,1,0.36,0
20231017,1783,13,14,12,2426,-13,19102,12.7,0,1,0,8,-1,0.33,0
20231026,1783,30,1,0,1939,29,19102,10.15,0,0,0,6,0,0.31,0
20231018,1783,11,42,383,2012,-414,19102,10.53,1,1,0,8,0,0.4,0
20231013,1783,21,24,5,2580,-8,19102,13.51,2,0,0,6,2,0.23,0
20231020,1783,8,38,0,1926,-30,19102,10.08,0,0,0,8,0,0.42,0
20231019,1783,5,52,9,1956,-56,19102,10.24,0,0,0,8,0,0.41,0
20231030,1783,27,35,0,1943,-8,19102,10.17,1,0,0,8,1,0.41,0
20231107,1783,1,14,0,1869,-13,19102,9.78,0,0,0,7,0,0.37,0
20231114,1783,22,17,0,1852,5,19102,9.7,2,0,0,12,2,0.65,0
20231108,1783,6,5,0,1870,1,19102,9.79,0,0,0,7,0,0.37,0
20231109,1783,32,40,0,1862,-8,19102,9.75,1,1,0,7,0,0.38,0
20231101,1783,1,5,7,1897,-11,19102,9.93,0,1,0,3,-1,0.16,0
20231113,1783,3,9,2,1847,-8,19102,9.67,0,0,0,10,0,0.54,0
20231115,1783,3,9,1,1845,-7,19102,9.66,0,2,0,10,-2,0.54,0
20231110,1783,17,24,0,1855,-7,19102,9.71,3,0,0,10,3,0.54,0
20231106,1783,5,3,0,1882,2,19102,9.85,6,0,0,7,6,0.37,1
20231031,1783,11,46,0,1908,-35,19102,9.99,0,4,0,4,-4,0.21,0
20231103,1783,5,4,0,1880,1,19102,9.84,0,2,0,1,-2,0.05,0
20231102,1783,1,14,5,1879,-18,19102,9.84,0,0,0,3,0,0.16,0
20231130,1783,12,24,0,1881,-12,20058,9.38,0,0,0,10,0,0.53,0
20231116,1783,1,6,0,1840,-5,20058,9.17,0,1,0,9,-1,0.49,0
20231122,1783,6,7,0,1912,-1,20058,9.53,0,0,0,10,0,0.52,0
20231124,1783,30,20,0,1925,10,20058,9.6,0,0,0,10,0,0.52,0
20231201,1783,9,35,27,1828,-53,20058,9.11,0,0,0,10,0,0.55,1
20231128,1783,28,21,0,1913,7,20058,9.54,0,0,0,10,0,0.52,0
20231121,1783,19,15,0,1913,4,20058,9.54,9,6,0,10,3,0.52,0
20231127,1783,47,66,0,1906,-19,20058,9.5,0,0,0,10,0,0.52,1
20231117,1783,17,10,0,1847,7,20058,9.21,0,1,0,8,-1,0.43,0
20231123,1783,14,11,0,1915,3,20058,9.55,0,0,0,10,0,0.52,0
20231120,1783,85,23,0,1909,62,20058,9.52,0,1,0,7,-1,0.37,0
20231129,1783,3,23,0,1893,-20,20058,9.44,0,0,0,10,0,0.53,0
20231219,1783,21,5,0,1878,16,20058,9.36,0,0,0,10,0,0.53,0
20231212,1783,1,5,0,1868,-4,20058,9.31,0,0,0,10,0,0.54,0
20231205,1783,31,32,0,1829,-1,20058,9.12,0,0,0,10,0,0.55,0
20231211,1783,19,6,1,1872,12,20058,9.33,0,0,0,10,0,0.53,0
20231207,1783,28,13,0,1852,15,20058,9.23,0,0,0,10,0,0.54,0
20231208,1783,15,7,0,1860,8,20058,9.27,0,0,0,10,0,0.54,0
20231218,1783,18,6,0,1862,12,20058,9.28,0,0,0,10,0,0.54,0
20231215,1783,5,26,0,1850,-21,20058,9.22,0,0,0,10,0,0.54,0
20231214,1783,1,4,0,1871,-3,20058,9.33,0,0,0,10,0,0.53,0
20231204,1783,27,25,0,1830,2,20058,9.12,0,0,0,10,0,0.55,0
20231213,1783,7,1,0,1874,6,20058,9.34,0,0,0,10,0,0.53,0
20231206,1783,27,19,0,1837,8,20058,9.16,0,0,0,10,0,0.54,0
20231227,1783,14,54,0,1827,-40,20058,9.11,0,0,0,10,0,0.55,0
20231221,1783,16,13,0,1882,3,20058,9.38,0,0,0,10,0,0.53,0
20231222,1783,7,12,0,1877,-5,20058,9.36,0,0,0,10,0,0.53,0
20231220,1783,3,2,0,1879,1,20058,9.37,0,0,0,10,0,0.53,0
20231226,1783,13,25,0,1867,-12,20058,9.31,0,0,0,10,0,0.54,0
20231228,1783,7,18,0,1816,-11,20058,9.05,0,0,0,10,0,0.55,0
20231225,1783,17,15,0,1879,2,20058,9.37,0,0,0,10,0,0.53,0
20231229,1783,7,2,0,1821,5,20058,9.08,0,0,0,10,0,0.55,0
20240108,1783,15,6,0,1794,9,20058,8.94,0,2,0,1,-2,0.06,0
20240104,1783,23,11,0,1829,12,20058,9.12,0,0,0,9,0,0.49,0
20240110,1783,36,14,0,1824,22,20058,9.09,0,0,0,1,0,0.05,0
20240112,1783,2,10,0,1822,-8,20058,9.08,0,0,0,1,0,0.05,0
20240103,1783,39,8,2,1817,29,20058,9.06,0,1,0,9,-1,0.5,0
20240105,1783,23,66,1,1785,-44,20058,8.9,0,6,0,3,-6,0.17,0
20240102,1783,11,39,5,1788,-33,20058,8.91,0,0,0,10,0,0.56,0
20240111,1783,10,4,0,1830,6,20058,9.12,0,0,0,1,0,0.05,0
20240109,1783,15,7,0,1802,8,20058,8.98,1,1,0,1,0,0.06,0
20240126,1783,19,9,0,1921,10,20058,9.58,0,0,0,7,0,0.36,0
20240123,1783,18,9,1,1918,8,20058,9.56,0,0,0,7,0,0.36,0
20240129,1783,2,15,0,1908,-13,20058,9.51,0,0,0,7,0,0.37,0
20240122,1783,12,4,0,1910,8,20058,9.52,0,0,0,7,0,0.37,0
20240118,1783,3,3,0,1911,0,20058,9.53,6,0,0,7,6,0.37,0
20240117,1783,69,5,10,1911,54,20058,9.53,0,0,0,1,0,0.05,0
20240125,1783,5,3,0,1911,2,20058,9.53,0,0,0,7,0,0.37,0
20240115,1783,11,14,5,1814,-8,20058,9.04,0,0,0,1,0,0.06,0
20240124,1783,12,21,0,1909,-9,20058,9.52,0,0,0,7,0,0.37,0
20240119,1783,2,11,0,1902,-9,20058,9.48,0,0,0,7,0,0.37,0
20240116,1783,44,1,0,1857,43,20058,9.26,0,0,0,1,0,0.05,0
20240215,1783,9,10,0,1862,-1,20058,9.28,0,0,0,0,0,0.0,0
20240130,1783,8,6,12,1898,-10,20058,9.46,0,0,0,7,0,0.37,0
20240205,1783,4,23,0,1863,-19,20058,9.29,0,0,0,0,0,0.0,0
20240222,1783,3,4,0,1864,-1,20058,9.29,0,0,0,0,0,0.0,0
20240131,1783,2,14,0,1886,-12,20058,9.4,0,0,0,7,0,0.37,0
20240220,1783,12,11,0,1858,1,20058,9.26,0,0,0,0,0,0.0,0
20240202,1783,37,35,0,1882,2,20058,9.38,0,7,0,0,-7,0.0,0
20240201,1783,1,6,1,1880,-6,20058,9.37,0,0,0,7,0,0.37,0
20240216,1783,6,13,0,1855,-7,20058,9.25,0,0,0,0,0,0.0,0
20240219,1783,4,2,0,1857,2,20058,9.26,0,0,0,0,0,0.0,0
20240221,1783,8,1,0,1865,7,20058,9.3,0,0,0,0,0,0.0,0
20240321,1783,15,4,3,1905,8,20058,9.5,0,0,0,0,0,0.0,0
20240229,1783,6,2,0,1875,4,20058,9.35,0,0,0,0,0,0.0,0
20240223,1783,5,2,0,1867,3,20058,9.31,0,0,0,0,0,0.0,0
20240313,1783,24,25,6,1886,-7,20058,9.4,0,0,0,0,0,0.0,0
20240319,1783,7,5,0,1891,2,20058,9.43,0,0,0,0,0,0.0,0
20240305,1783,10,5,0,1887,5,20058,9.41,0,0,0,0,0,0.0,0
20240301,1783,9,3,6,1875,0,20058,9.35,0,0,0,0,0,0.0,0
20240227,1783,8,3,0,1871,5,20058,9.33,0,0,0,0,0,0.0,0
20240306,1783,15,21,0,1881,-6,20058,9.38,0,0,0,0,0,0.0,0
20240325,1783,5,9,1,1880,-5,20058,9.37,0,0,0,0,0,0.0,0
20240320,1783,9,3,0,1897,6,20058,9.46,0,0,0,0,0,0.0,0
20240312,1783,14,0,0,1893,14,20058,9.44,0,0,0,0,0,0.0,0
20240308,1783,13,13,0,1884,0,20058,9.39,0,0,0,0,0,0.0,0
20240226,1783,11,12,0,1866,-1,20058,9.3,0,0,0,0,0,0.0,0
20240326,1783,1,1,0,1880,0,20058,9.37,0,0,0,0,0,0.0,0
20240311,1783,1,3,3,1879,-5,20058,9.37,0,0,0,0,0,0.0,0
20240322,1783,5,15,10,1885,-20,20058,9.4,0,0,0,0,0,0.0,0
20240318,1783,2,7,0,1889,-5,20058,9.42,0,0,0,0,0,0.0,0
20240327,1783,1,5,0,1876,-4,20058,9.35,0,0,0,0,0,0.0,0
20240315,1783,9,4,0,1894,5,20058,9.44,0,0,0,0,0,0.0,0
20240314,1783,12,7,2,1889,3,20058,9.42,0,0,0,0,0,0.0,0
20240307,1783,6,3,0,1884,3,20058,9.39,0,0,0,0,0,0.0,0
20240304,1783,19,12,0,1882,7,20058,9.38,0,0,0,0,0,0.0,0
20240410,1783,58,15,0,1890,43,20058,9.42,0,0,0,0,0,0.0,0
20240411,1783,36,5,0,1921,31,20058,9.58,0,0,0,0,0,0.0,0
20240328,1783,3,0,1,1878,2,20058,9.36,0,0,0,0,0,0.0,0
20240402,1783,8,18,0,1873,-10,20058,9.34,0,0,0,0,0,0.0,0
20240403,1783,6,4,0,1875,2,20058,9.35,0,0,0,0,0,0.0,0
20240401,1783,30,14,0,1883,16,20058,9.39,0,0,0,0,0,0.0,0
20240408,1783,37,68,0,1844,-31,20058,9.19,0,0,0,0,0,0.0,0
20240329,1783,5,6,10,1867,-11,20058,9.31,0,0,0,0,0,0.0,0
20240412,1783,11,5,10,1917,-4,20058,9.56,0,0,0,0,0,0.0,0
20240409,1783,5,2,0,1847,3,20058,9.21,0,0,0,0,0,0.0,0
20240418,1783,4,1,0,1883,3,20058,9.39,0,0,0,1,0,0.05,0
20240425,1783,3,0,0,1830,3,20058,9.12,0,0,0,7,0,0.38,0
20240517,1783,2,17,0,1779,-15,20063,8.87,0,0,0,0,0,0.0,0
20240515,1783,4,0,0,1791,4,20063,8.93,0,0,0,0,0,0.0,0
20240521,1783,9,2,0,1789,7,20063,8.92,0,0,0,0,0,0.0,0
20240426,1783,11,6,1,1834,4,20058,9.14,0,0,0,7,0,0.38,0
20240415,1783,23,68,0,1872,-45,20058,9.33,0,0,0,0,0,0.0,0
20240516,1783,6,1,2,1794,3,20063,8.94,0,0,0,0,0,0.0,0
20240509,1783,0,20,0,1788,-20,20058,8.91,0,0,0,7,0,0.39,0
20240508,1783,13,13,1,1808,-1,20058,9.01,0,0,0,7,0,0.39,0
20240506,1783,12,10,0,1796,2,20058,8.95,0,0,0,7,0,0.39,0
20240422,1783,12,16,0,1828,-4,20058,9.11,0,1,0,0,-1,0.0,0
20240510,1783,9,13,0,1784,-4,20058,8.89,0,0,0,7,0,0.39,0
20240423,1783,5,9,0,1824,-4,20058,9.09,8,0,0,8,8,0.44,0
20240417,1783,0,9,0,1880,-9,20058,9.37,0,0,0,1,0,0.05,0
20240513,1783,2,5,0,1781,-3,20058,8.88,0,7,0,0,-7,0.0,0
20240416,1783,41,24,0,1889,17,20058,9.42,1,0,0,1,1,0.05,0
20240424,1783,4,1,0,1827,3,20058,9.11,0,1,0,7,-1,0.38,0
20240507,1783,15,2,0,1809,13,20058,9.02,0,0,0,7,0,0.39,0
20240430,1783,20,26,0,1810,-6,20058,9.02,0,0,0,7,0,0.39,0
20240429,1783,4,22,0,1816,-18,20058,9.05,0,0,0,7,0,0.39,0
20240514,1783,10,4,0,1787,6,20063,8.91,0,0,0,0,0,0.0,0
20240502,1783,0,22,1,1787,-23,20058,8.91,0,0,0,7,0,0.39,0
20240419,1783,16,67,0,1832,-51,20058,9.13,0,0,0,1,0,0.05,0
20240503,1783,10,3,0,1794,7,20058,8.94,0,0,0,7,0,0.39,0
20240520,1783,5,2,0,1782,3,20063,8.88,0,0,0,0,0,0.0,0
20240527,1783,12,10,0,1810,2,20063,9.02,1,0,0,1,1,0.06,0
20240522,1783,4,0,0,1793,4,20063,8.94,0,0,0,0,0,0.0,0
20240530,1783,10,1,0,1788,9,20063,8.91,0,0,0,2,0,0.11,0
20240524,1783,8,3,0,1808,5,20063,9.01,0,0,0,0,0,0.0,0
20240523,1783,27,17,0,1803,10,20063,8.99,0,0,0,0,0,0.0,0
20240529,1783,2,11,0,1779,-9,20063,8.87,0,0,0,2,0,0.11,0
20240528,1783,3,25,0,1788,-22,20063,8.91,1,0,0,2,1,0.11,0
20240621,1783,13,17,0,1747,-4,20063,8.71,0,0,0,0,0,0.0,0
20240619,1783,17,10,1,1756,6,20063,8.75,0,1,0,0,-1,0.0,0
20240605,1783,40,38,0,1819,2,20063,9.07,1,0,0,2,1,0.11,0
20240625,1783,6,4,0,1753,2,20063,8.74,0,0,0,0,0,0.0,0
20240606,1783,18,28,0,1809,-10,20063,9.02,0,0,0,2,0,0.11,0
20240624,1783,14,10,0,1751,4,20063,8.73,0,0,0,0,0,0.0,0
20240603,1783,10,27,0,1767,-17,20063,8.81,1,0,0,3,1,0.17,0
20240607,1783,90,41,0,1858,49,20063,9.26,0,0,0,2,0,0.11,1
20240628,1783,24,8,6,1813,10,20063,9.04,0,0,0,0,0,0.0,0
20240627,1783,55,6,0,1803,49,20063,8.99,0,0,0,0,0,0.0,0
20240617,1783,24,33,0,1750,-9,20063,8.72,0,0,0,1,0,0.06,0
20240604,1783,90,40,0,1817,50,20063,9.06,0,2,0,1,-2,0.06,1
20240531,1783,11,15,0,1784,-4,20063,8.89,0,0,0,2,0,0.11,0
20240620,1783,10,15,0,1751,-5,20063,8.73,0,0,0,0,0,0.0,0
20240613,1783,16,25,0,1757,-9,20063,8.76,0,0,0,1,0,0.06,0
20240614,1783,10,8,0,1759,2,20063,8.77,0,0,0,1,0,0.06,0
20240612,1783,22,31,0,1766,-9,20063,8.8,0,1,0,1,-1,0.06,0
20240626,1783,23,22,0,1754,1,20063,8.74,0,0,0,0,0,0.0,0
20240618,1783,53,53,0,1750,0,20063,8.72,0,0,0,1,0,0.06,0
20240611,1783,32,115,0,1775,-83,20063,8.85,0,0,0,2,0,0.11,0
20240703,1783,143,219,0,1857,-76,20063,9.26,3,1,0,23,2,1.24,1
20240702,1783,279,508,0,1933,-229,20063,9.63,20,0,0,21,20,1.09,2
20240712,1783,8,9,0,2062,-1,20092,10.26,0,0,0,0,0,0.0,1
20240704,1783,86,48,0,1895,38,20063,9.45,0,21,0,2,-21,0.11,0
20240716,1783,22,4,0,2092,18,20092,10.41,0,0,0,0,0,0.0,0
20240711,1783,49,38,5,2063,6,20063,10.28,0,1,0,0,-1,0.0,0
20240717,1783,22,5,0,2109,17,20092,10.5,0,0,0,0,0,0.0,0
20240719,1783,228,326,0,2124,-98,20092,10.57,0,0,0,0,0,0.0,0
20240709,1783,102,27,0,2067,75,20063,10.3,0,0,0,1,0,0.05,1
20240705,1783,111,60,0,1946,51,20063,9.7,0,0,0,2,0,0.1,0
20240718,1783,222,108,1,2222,113,20092,11.06,0,0,0,0,0,0.0,0
20240701,1783,582,233,0,2162,349,20063,10.78,1,0,0,1,1,0.05,1
20240715,1783,35,23,0,2074,12,20092,10.32,0,0,0,0,0,0.0,0
20240708,1783,110,64,0,1992,46,20063,9.93,0,1,0,1,-1,0.05,1
20240710,1783,22,30,2,2057,-10,20063,10.25,0,0,0,1,0,0.05,0
20240806,1783,15,107,1,1783,-93,20092,8.87,0,0,0,14,0,0.79,0
20240801,1783,21,17,0,2058,4,20092,10.24,0,0,0,13,0,0.63,1
20240731,1783,16,6,0,2054,10,20092,10.22,0,0,0,13,0,0.63,0
20240813,1783,0,27,0,1677,-27,20092,8.35,0,0,0,0,0,0.0,0
20240729,1783,54,46,1,2063,7,20092,10.27,0,0,0,0,0,0.0,0
20240805,1783,20,201,10,1876,-191,20092,9.34,1,0,0,14,1,0.75,0
20240802,1783,28,19,0,2067,9,20092,10.29,0,0,0,13,0,0.63,0
20240808,1783,9,12,0,1766,-3,20092,8.79,0,1,0,0,-1,0.0,0
20240723,1783,36,39,10,2089,-13,20092,10.4,0,0,0,0,0,0.0,0
20240722,1783,49,71,0,2102,-22,20092,10.46,0,0,0,0,0,0.0,0
20240812,1783,14,65,3,1704,-54,20092,8.48,0,0,0,0,0,0.0,0
20240809,1783,1,9,0,1758,-8,20092,8.75,0,0,0,0,0,0.0,0
20240726,1783,25,57,1,2056,-33,20092,10.23,0,0,0,0,0,0.0,0
20240730,1783,25,43,1,2044,-19,20092,10.17,13,0,0,13,13,0.64,0
20240807,1783,9,23,0,1769,-14,20092,8.8,0,13,0,1,-13,0.06,0
20240829,1783,6,2,0,1398,4,20092,6.96,0,0,0,0,0,0.0,0
20240821,1783,12,52,0,1588,-40,20092,7.9,0,1,0,0,-1,0.0,0
20240827,1783,3,62,1,1411,-60,20092,7.02,0,0,0,0,0,0.0,0
20240822,1783,20,56,0,1552,-36,20092,7.72,0,0,0,0,0,0.0,0
20240816,1783,21,30,5,1640,-14,20092,8.16,1,0,0,1,1,0.06,0
20240828,1783,5,22,0,1394,-17,20092,6.94,0,0,0,0,0,0.0,0
20240820,1783,10,12,1,1628,-3,20092,8.1,0,0,0,1,0,0.06,0
20240826,1783,2,21,0,1471,-19,20092,7.32,0,0,0,0,0,0.0,0
20240814,1783,3,22,0,1658,-19,20092,8.25,0,0,0,0,0,0.0,0
20240830,1783,2,9,0,1391,-7,20092,6.92,0,0,0,0,0,0.0,0
20240819,1783,0,9,0,1631,-9,20092,8.12,0,0,0,1,0,0.06,0
20240823,1783,0,55,7,1490,-62,20092,7.42,0,0,0,0,0,0.0,0
20240815,1783,0,4,0,1654,-4,20092,8.23,0,0,0,0,0,0.0,0
